date,target_nakes,nakes_vaksin_1,nakes_vaksin_2,nakes_pct_1,nakes_pct_2,target_lansia,lansia_vaksin_1,lansia_vaksin_2,lansia_pct_1,lansia_pct_2,target_public,public_vaksin_1,public_vaksin_2,public_pct_1,public_pct_2,target_indo,indo_vaksin_1,indo_vaksin_2,indo_pct_1,indo_pct_2,
5 March 2021,1468764,1692016,1111938,1.152,0.757,21553118,179711,2,0.008,0.000,17327169,541888,2597,0.031,0.000,40349051,2413615,1114537,0.060,0.028,
6 March 2021,1468764,1741784,1126353,1.186,0.767,21553118,206025,2,0.010,0.000,17327169,604456,4169,0.035,0.000,40349051,2552265,1130524,0.063,0.028,
7 March 2021,1468764,2049651,1129340,1.395,0.769,21553118,215632,2,0.010,0.000,17327169,623474,4445,0.036,0.000,40349051,2888757,1133787,0.072,0.028,
8 March 2021,1468764,2114655,1149547,1.440,0.783,21553118,267603,5,0.012,0.000,17327169,715767,8880,0.041,0.001,40349051,3098025,1158432,0.077,0.029,
9 March 2021,1468764,1395498,1127633,0.950,0.768,21553118,430591,1612,0.020,0.000,17327169,1510937,68527,0.087,0.004,40349051,3337026,1197772,0.083,0.030,
10 March 2021,1468764,1395498,1127633,0.950,0.768,21553118,494125,2694,0.023,0.000,17327169,1682896,119495,0.097,0.007,40349051,3572519,1249822,0.089,0.031,
11 March 2021,1468764,1402959,1147846,0.955,0.782,21553118,525891,3080,0.024,0.000,17327169,1767209,144689,0.102,0.008,40349051,3696059,1295615,0.092,0.032,
12 March 2021,1468764,1402959,1147846,0.955,0.782,21553118,525891,3080,0.024,0.000,17327169,1767209,144689,0.102,0.008,40349051,3696059,1295615,0.092,0.032,
13 March 2021,1468764,1412736,1171385,0.962,0.798,21553118,625665,4497,0.029,0.000,17327169,1947195,278954,0.112,0.016,40349051,3985596,1454836,0.099,0.036,
14 March 2021,1468764,1413684,1172848,0.962,0.799,21553118,638492,4530,0.030,0.000,17327169,1967948,282844,0.114,0.016,40349051,4020124,1460222,0.100,0.036,
15 March 2021,1468764,1418620,1183715,0.966,0.806,21553118,701583,5151,0.033,0.000,17327169,2046659,383920,0.118,0.022,40349051,4166862,1572786,0.103,0.039,
16 March 2021,1468764,1425885,1196387,0.971,0.815,21553118,770545,5844,0.036,0.000,17327169,2272399,514516,0.131,0.030,40349051,4468829,1716747,0.111,0.043,
17 March 2021,1468764,1431713,1208113,0.975,0.823,21553118,836628,6600,0.039,0.000,17327169,2436907,661427,0.141,0.038,40349051,4705248,1876140,0.117,0.046,
18 March 2021,1468764,1437642,1221179,0.979,0.831,21553118,905102,7106,0.042,0.000,17327169,2616319,840115,0.151,0.048,40349051,4959063,2068400,0.123,0.051,
19 March 2021,1468764,1442440,1231104,0.982,0.838,21553118,954828,7590,0.044,0.000,17327169,2727680,982506,0.157,0.057,40349051,5124948,2221200,0.127,0.055,
20 March 2021,1468764,1442440,1231104,0.982,0.838,21553118,954828,7590,0.044,0.000,17327169,2727680,982506,0.157,0.057,40349051,5124948,2221200,0.127,0.055,
21 March 2021,1468764,1446141,1236791,0.985,0.842,21553118,1011483,8534,0.047,0.000,17327169,3109656,1067271,0.179,0.062,40349051,5567280,2312596,0.138,0.057,
22 March 2021,1468764,1449757,1245055,0.987,0.848,21553118,1011483,8534,0.047,0.000,17327169,3221959,1237961,0.186,0.071,40349051,5683199,2491550,0.141,0.062,
23 March 2021,1468764,1453841,1254761,0.990,0.854,21553118,1125037,22286,0.052,0.001,17327169,3399373,1432498,0.196,0.083,40349051,5978251,2709545,0.148,0.067,
24 March 2021,1468764,1458033,1263152,0.993,0.860,21553118,1225564,38904,0.057,0.002,17327169,3706240,1638960,0.214,0.095,40349051,6389837,2941016,0.158,0.073,
25 March 2021,1468764,1461489,1266029,0.995,0.862,21553118,1301782,57227,0.060,0.003,17327169,3967185,1691934,0.229,0.098,40349051,6730456,3015190,0.167,0.075,
26 March 2021,1468764,1464650,1270999,0.997,0.865,21553118,1356432,78322,0.063,0.004,17327169,4169000,1803291,0.241,0.104,40349051,6990082,3152612,0.173,0.078,
27 March 2021,1468764,1429532,1272381,0.973,0.866,21553118,1394731,93529,0.065,0.004,17327169,4312074,1857872,0.249,0.107,40349051,7136337,3223782,0.177,0.080,
28 March 2021,1468764,1430428,1273417,0.974,0.867,21553118,1414656,101709,0.066,0.005,17327169,4405955,1871683,0.254,0.108,40349051,7251039,3246809,0.180,0.080,
29 March 2021,1468764,1432153,1275981,0.975,0.869,21553118,1453977,118546,0.067,0.006,17327169,4549721,1936112,0.263,0.112,40349051,7435851,3330639,0.184,0.083,
30 March 2021,1468764,1435351,1282214,0.977,0.873,21553118,1546269,159823,0.072,0.007,17327169,4858404,2119155,0.280,0.122,40349051,7840024,3561192,0.194,0.088,
31 March 2021,1468764,1438016,1286168,0.979,0.876,21553118,1616340,183141,0.075,0.008,17327169,5061358,2247772,0.292,0.130,40349051,8115714,3717081,0.201,0.092,
1 April 2021,1468764,1440648,1289711,0.981,0.878,21553118,1672730,213333,0.078,0.010,17327169,5258199,2351407,0.303,0.136,40349051,8371577,3854451,0.207,0.096,
2 April 2021,1468764,1441069,1290437,0.981,0.879,21553118,1679615,217777,0.078,0.010,17327169,5304045,2359548,0.306,0.136,40349051,8424729,3867762,0.209,0.096,
3 April 2021,1468764,1441529,1292170,0.981,0.880,21553118,1706928,254973,0.079,0.012,17327169,5396453,2407200,0.311,0.139,40349051,8544910,3954343,0.212,0.098,
4 April 2021,1468764,1441914,1293500,0.982,0.881,21553118,1721077,261638,0.080,0.012,17327169,5466191,2459263,0.315,0.142,40349051,8629182,4014401,0.214,0.099,
5 April 2021,1468764,1443385,1297351,0.983,0.883,21553118,1771003,329227,0.082,0.015,17327169,5641985,2604222,0.326,0.150,40349051,8856373,4230800,0.219,0.105,
6 April 2021,1468764,1444800,1300745,0.984,0.886,21553118,1813087,400533,0.084,0.019,17327169,5763219,2730226,0.333,0.158,40349051,9021106,4431504,0.224,0.110,
7 April 2021,1468764,1445970,1302596,0.984,0.887,21553118,1844923,439807,0.086,0.020,17327169,5905406,2812292,0.341,0.162,40349051,9196299,4554695,0.228,0.113,
8 April 2021,1468764,1447505,1304661,0.986,0.888,21553118,1886623,461735,0.088,0.021,17327169,6039462,2931000,0.349,0.169,40349051,9373590,4697396,0.232,0.116,
9 April 2021,1468764,1451679,1309418,0.988,0.892,21553118,1970580,541811,0.091,0.025,17327169,6386485,3100990,0.369,0.179,40349051,9808744,4952219,0.243,0.123,
10 April 2021,1468764,1453325,1310929,0.989,0.893,21553118,2019832,588340,0.094,0.027,17327169,6529170,3179779,0.377,0.184,40349051,10002327,5079048,0.248,0.126,
11 April 2021,1468764,1453701,1311259,0.990,0.893,21553118,2030311,597464,0.094,0.028,17327169,6564802,3193198,0.379,0.184,40349051,10048814,5101921,0.249,0.126,
12 April 2021,1468764,1455949,1314396,0.991,0.895,21553118,2088158,672035,0.097,0.031,17327169,6735239,3336070,0.389,0.193,40349051,10279346,5322501,0.255,0.132,
13 April 2021,1468764,1457405,1316347,0.992,0.896,21553118,2108512,722410,0.098,0.034,17327169,6811090,3394098,0.393,0.196,40349051,10377007,5432855,0.257,0.135,
14 April 2021,1468764,1459169,1318528,0.993,0.898,21553118,2131067,781975,0.099,0.036,17327169,6890942,3472356,0.398,0.200,40349051,10481178,5572859,0.260,0.138,
15 April 2021,1468764,1460747,1321085,0.995,0.899,21553118,2155898,844895,0.100,0.039,17327169,6983097,3549833,0.403,0.205,40349051,10599742,5715813,0.263,0.142,
16 April 2021,1468764,1464225,1323006,0.997,0.901,21553118,2178289,898025,0.101,0.042,17327169,7066375,3600857,0.408,0.208,40349051,10708889,5821888,0.265,0.144,
17 April 2021,1468764,1465021,1323987,0.997,0.901,21553118,2199326,930003,0.102,0.043,17327169,7139477,3636800,0.412,0.210,40349051,10803824,5890790,0.268,0.146,
18 April 2021,1468764,1465210,1324382,0.998,0.902,21553118,2203494,936963,0.102,0.043,17327169,7159290,3649998,0.413,0.211,40349051,10827994,5911343,0.268,0.147,
19 April 2021,1468764,1466675,1325963,0.999,0.903,21553118,2237282,1002268,0.104,0.047,17327169,7267647,3724381,0.419,0.215,40349051,10971604,6052612,0.272,0.150,
20 April 2021,1468764,1467860,1327443,0.999,0.904,21553118,2264590,1040757,0.105,0.048,17327169,7383064,3790548,0.426,0.219,40349051,11115514,6158748,0.275,0.153,
21 April 2021,1468764,1480525,1338926,1.008,0.912,21553118,2298131,1111339,0.107,0.052,17327169,7522899,3891666,0.434,0.225,40349051,11301555,6341931,0.280,0.157,
22 April 2021,1468764,1481515,1340196,1.009,0.912,21553118,2328940,1170028,0.108,0.054,17327169,7621517,3977973,0.440,0.230,40349051,11431972,6488197,0.283,0.161,
23 April 2021,1468764,1483781,1342774,1.010,0.914,21553118,2357556,1225863,0.109,0.057,17327169,7745803,4108511,0.447,0.237,40349051,11587140,6677148,0.287,0.165,
24 April 2021,1468764,1484971,1344232,1.011,0.915,21553118,2384567,1263040,0.111,0.059,17327169,7848268,4190969,0.453,0.242,40349051,11717806,6798241,0.290,0.168,
25 April 2021,1468764,1485102,1344441,1.011,0.915,21553118,2386671,1269557,0.111,0.059,17327169,7869046,4215417,0.454,0.243,40349051,11740819,6829415,0.291,0.169,
26 April 2021,1468764,1486574,1346352,1.012,0.917,21553118,2417375,1332721,0.112,0.062,17327169,7967909,4344278,0.460,0.251,40349051,11871858,7023351,0.294,0.174,
27 April 2021,1468764,1488135,1348327,1.013,0.918,21553118,2450582,1390926,0.114,0.065,17327169,8076455,4475281,0.466,0.258,40349051,12015172,7214534,0.298,0.179,
28 April 2021,1468764,1489628,1350703,1.014,0.920,21553118,2484374,1451949,0.115,0.067,17327169,8175635,4608443,0.472,0.266,40349051,12149637,7411095,0.301,0.184,
29 April 2021,1468764,1491053,1352846,1.015,0.921,21553118,2520487,1499869,0.117,0.070,17327169,8294475,4730728,0.479,0.273,40349051,12306015,7583443,0.305,0.188,
30 April 2021,1468764,1492208,1353880,1.016,0.922,21553118,2545562,1511246,0.118,0.070,17327169,8383743,4781158,0.484,0.276,40349051,12421513,7646284,0.308,0.190,
1 May 2021,1468764,1492380,1354040,1.016,0.922,21553118,2548948,1516279,0.118,0.070,17327169,8415096,4808166,0.486,0.277,40349051,12456424,7678485,0.309,0.190,
2 May 2021,1468764,1492468,1354159,1.016,0.922,21553118,2550173,1519705,0.118,0.071,17327169,8426025,4829246,0.486,0.279,40349051,12468666,7703110,0.309,0.191,
3 May 2021,1468764,1493588,1355942,1.017,0.923,21553118,2574276,1559008,0.119,0.072,17327169,8503507,4935457,0.491,0.285,40349051,12571371,7850407,0.312,0.195,
4 May 2021,1468764,1494938,1357804,1.018,0.924,21553118,2600188,1592578,0.121,0.074,17327169,8603702,5051854,0.497,0.292,40349051,12698828,8002236,0.315,0.198,
5 May 2021,1468764,1496358,1359726,1.019,0.926,21553118,2630996,1632325,0.122,0.076,17327169,8723790,5173811,0.503,0.299,40349051,12851144,8165862,0.318,0.202,
6 May 2021,1468764,1497332,1361268,1.019,0.927,21553118,2660457,1670766,0.123,0.078,17327169,8837180,5285372,0.510,0.305,40349051,12994969,8317406,0.322,0.206,
7 May 2021,1468764,1498947,1363159,1.021,0.928,21553118,2691305,1708253,0.125,0.079,17327169,8989745,5413948,0.519,0.312,40349051,13179997,8485360,0.327,0.210,
8 May 2021,1468764,1499656,1364428,1.021,0.929,21553118,2724661,1742105,0.126,0.081,17327169,9096369,5504931,0.525,0.318,40349051,13320686,8611464,0.330,0.213,
9 May 2021,1468764,1499726,1364582,1.021,0.929,21553118,2726951,1748306,0.127,0.081,17327169,9121975,5530248,0.526,0.319,40349051,13348652,8643136,0.331,0.214,
10 May 2021,1468764,1501027,1366419,1.022,0.930,21553118,2760561,1794839,0.128,0.083,17327169,9251201,5643009,0.534,0.326,40349051,13512789,8804267,0.335,0.218,
11 May 2021,1468764,1501809,1367719,1.022,0.931,21553118,2783660,1812015,0.129,0.084,17327169,9361491,5708101,0.540,0.329,40349051,13646960,8887835,0.338,0.220,
12 May 2021,1468764,1502009,1368070,1.023,0.931,21553118,2787803,1817360,0.129,0.084,17327169,9401248,5732660,0.543,0.331,40349051,13691060,8918090,0.339,0.221,
13 May 2021,1468764,1502025,1368079,1.023,0.931,21553118,2788132,1817544,0.129,0.084,17327169,9406282,5733632,0.543,0.331,40349051,13696439,8919255,0.339,0.221,
14 May 2021,1468764,1502036,1368093,1.023,0.931,21553118,2788357,1817833,0.129,0.084,17327169,9408183,5734811,0.543,0.331,40349051,13698576,8920737,0.340,0.221,
15 May 2021,1468764,1502212,1368299,1.023,0.932,21553118,2791566,1829662,0.130,0.085,17327169,9430549,5761421,0.544,0.333,40349051,13724327,8959382,0.340,0.222,
16 May 2021,1468764,1502228,1368337,1.023,0.932,21553118,2792478,1832798,0.130,0.085,17327169,9449637,5774108,0.545,0.333,40349051,13744343,8975243,0.341,0.222,
17 May 2021,1468764,1503025,1369938,1.023,0.933,21553118,2806995,1864236,0.130,0.086,17327169,9517264,5859097,0.549,0.338,40349051,13827284,9093271,0.343,0.225,
18 May 2021,1468764,1504324,1372017,1.024,0.934,21553118,2841581,1906473,0.132,0.088,17327169,9632092,5997003,0.556,0.346,40349051,13977997,9275493,0.346,0.230,
19 May 2021,1468764,1505817,1373813,1.025,0.935,21553118,2888392,1943802,0.134,0.090,17327169,9800124,6109914,0.566,0.353,40349051,14194333,9427529,0.352,0.234,
20 May 2021,1468764,1507098,1375400,1.026,0.936,21553118,2944133,1980252,0.137,0.092,17327169,9996350,6224200,0.577,0.359,40349051,14447581,9579852,0.358,0.237,
21 May 2021,1468764,1508652,1377170,1.027,0.938,21553118,2987906,2006984,0.139,0.093,17327169,10179623,6361674,0.587,0.367,40349051,14676181,9745828,0.364,0.242,
22 May 2021,1468764,1509523,1378053,1.028,0.938,21553118,3030396,2029296,0.141,0.094,17327169,10317952,6445395,0.595,0.372,40349051,14857871,9852744,0.368,0.244,
23 May 2021,1468764,1509602,1378175,1.028,0.938,21553118,3035376,2031431,0.141,0.094,17327169,10350966,6470711,0.597,0.373,40349051,14895944,9880317,0.369,0.245,
24 May 2021,1468764,1509688,1378297,1.028,0.938,21553118,3037155,2035034,0.141,0.094,17327169,10358642,6482944,0.598,0.374,40349051,14905485,9896275,0.369,0.245,
25 May 2021,1468764,1511907,1380437,1.029,0.940,21553118,3116601,2083789,0.145,0.097,17327169,10683409,6660547,0.617,0.384,40349051,15311917,10124773,0.379,0.251,
26 May 2021,1468764,1513104,1381501,1.030,0.941,21553118,3153442,2098872,0.146,0.097,17327169,10847764,6743753,0.626,0.389,40349051,15514310,10224126,0.385,0.253,
27 May 2021,1468764,1513104,1381501,1.030,0.941,21553118,3153442,2098872,0.146,0.097,17327169,10847764,6743753,0.626,0.389,40349051,15514310,10224126,0.385,0.253,
28 May 2021,1468764,1516031,1384767,1.032,0.943,21553118,3251706,2165628,0.151,0.100,17327169,11291975,6961338,0.652,0.402,40349051,16059712,10511733,0.398,0.261,
29 May 2021,1468764,1516876,1385402,1.033,0.943,21553118,3293415,2176967,0.153,0.101,17327169,11446457,7008311,0.661,0.404,40349051,16256748,10570680,0.403,0.262,
30 May 2021,1468764,1516911,1385433,1.033,0.943,21553118,3294841,2177631,0.153,0.101,17327169,11446457,7008311,0.661,0.404,40349051,16258209,10571375,0.403,0.262,
31 May 2021,1468764,1518202,1386778,1.034,0.944,21553118,3340338,2198723,0.155,0.102,17327169,11663306,7111644,0.673,0.410,40349051,16521846,10697145,0.409,0.265,
1 June 2021,1468764,1518383,1386931,1.034,0.944,21553118,3345008,2200524,0.155,0.102,17327169,11704499,7132916,0.675,0.412,40349051,16567890,10720371,0.411,0.266,
2 June 2021,1468764,1519593,1388681,1.035,0.945,21553118,3390271,2232677,0.157,0.104,17327169,11899323,7255044,0.687,0.419,40349051,16809187,10876402,0.417,0.270,
3 June 2021,1468764,1520919,1390115,1.036,0.946,21553118,3441880,2262419,0.160,0.105,17327169,12141282,7349911,0.701,0.424,40349051,17104081,11002445,0.424,0.273,
4 June 2021,1468764,1521660,1390990,1.036,0.947,21553118,3472441,2277856,0.161,0.106,17327169,12372171,7400836,0.714,0.427,40349051,17366272,11069682,0.430,0.274,
5 June 2021,1468764,1522193,1391547,1.036,0.947,21553118,3499667,2296633,0.162,0.107,17327169,12571219,7437870,0.726,0.429,40349051,17593079,11126050,0.436,0.276,
6 June 2021,1468764,1522193,1391547,1.036,0.947,21553118,3499667,2296633,0.162,0.107,17327169,12571219,7437870,0.726,0.429,40349051,17593079,11126050,0.436,0.276,
7 June 2021,1468764,1523336,1392873,1.037,0.948,21553118,3536666,2319990,0.164,0.108,17327169,12693203,7517751,0.733,0.434,40349051,17753205,11230614,0.440,0.278,
8 June 2021,1468764,1525261,1394443,1.038,0.949,21553118,3637967,2357355,0.169,0.109,17327169,13242581,7644223,0.764,0.441,40349051,18405809,11396021,0.456,0.282,
9 June 2021,1468764,1526586,1395252,1.039,0.950,21553118,3716307,2369250,0.172,0.110,17327169,13623087,7685406,0.786,0.444,40349051,18865980,11449908,0.468,0.284,
10 June 2021,1468764,1527967,1395852,1.040,0.950,21553118,3797367,2377597,0.176,0.110,17327169,14042656,7721934,0.810,0.446,40349051,19367990,11495383,0.480,0.285,
11 June 2021,1468764,1529037,1396410,1.041,0.951,21553118,3839978,2382111,0.178,0.111,17327169,14390190,7745521,0.830,0.447,40349051,19759205,11524042,0.490,0.286,
12 June 2021,1468764,1529719,1396794,1.042,0.951,21553118,3888332,2388526,0.180,0.111,17327169,14659974,7769404,0.846,0.448,40349051,20078025,11554724,0.498,0.286,
13 June 2021,1468764,1529737,1396801,1.042,0.951,21553118,3889165,2388715,0.180,0.111,17327169,14660882,7770026,0.846,0.448,40349051,20079784,11555542,0.498,0.286,
14 June 2021,1468764,1530796,1397698,1.042,0.952,21553118,3951776,2401793,0.183,0.111,17327169,15103687,7821054,0.872,0.451,40349051,20586259,11620545,0.510,0.288,
15 June 2021,1468764,1531421,1398335,1.043,0.952,21553118,3990171,2415398,0.185,0.112,17327169,15299910,7867826,0.883,0.454,40349051,20821502,11681559,0.516,0.290,
16 June 2021,1468764,1533279,1400082,1.044,0.953,21553118,4096794,2450278,0.190,0.114,17327169,15989147,7989034,0.923,0.461,40349051,21619220,11839394,0.536,0.293,
17 June 2021,1468764,1533279,1400082,1.044,0.953,21553118,4096794,2450278,0.190,0.114,17327169,15989147,7989034,0.923,0.461,40349051,21619220,11839394,0.536,0.293,
18 June 2021,1468764,1534051,1400958,1.044,0.954,21553118,4135697,2472797,0.192,0.115,17327169,16238687,8067317,0.937,0.466,181554465,21908435,11941072,0.121,0.066,3.499596905
19 June 2021,1468764,1535289,1402181,1.045,0.955,21553118,4187449,2502835,0.194,0.116,17327169,16638134,8165715,0.960,0.471,181554465,22360872,12070731,0.123,0.066,
20 June 2021,1468764,1536674,1403648,1.046,0.956,21553118,4241449,2535874,0.197,0.118,17327169,17120152,8263216,0.988,0.477,181554465,22898275,12202738,0.126,0.067,
21 June 2021,1468764,1536746,1403741,1.046,0.956,21553118,4244166,2536966,0.197,0.118,17327169,17159788,8267637,0.988,0.477,181554465,22940700,12208344,0.126,0.067,
22 June 2021,1468764,1537962,1405320,1.046,0.956,21553118,4297454,2566748,0.197,0.118,17327169,17587982,8391162,0.988,0.477,181554465,23423398,12363230,0.129,0.068,
23 June 2021,1468764,1539429,1407070,1.046,0.956,21553118,4330129,2601206,0.197,0.118,17327169,18017043,8537350,0.988,0.477,181554465,23886601,12545626,0.132,0.069,
24 June 2021,1468764,1540826,1408028,1.046,0.956,21553118,4416377,2613878,0.197,0.118,17327169,18590105,8610802,0.988,0.477,181554465,24547308,12632708,0.135,0.070,
25 June 2021,1468764,1543211,1410448,1.046,0.956,21553118,4491314,2658959,0.197,0.118,17327169,19321558,8799473,0.988,0.477,181554465,25356083,12868880,0.140,0.071,
26 June 2021,1468764,1543804,1411033,1.046,0.956,21553118,4508011,2665030,0.197,0.118,17327169,19555505,8835815,0.988,0.477,181554465,25607320,12911878,0.141,0.071,
27 June 2021,1468764,1545890,1411913,1.046,0.956,21553118,4560867,2684960,0.197,0.118,17327169,20218243,8923261,0.988,0.477,181554465,26325000,13020134,0.145,0.072,
28 June 2021,1468764,1546838,1412247,1.046,0.956,21553118,4599221,2689233,0.197,0.118,17327169,20915791,8961524,0.988,0.477,181554465,27061850,13063004,0.149,0.072,
29 June 2021,1468764,1548445,1413333,1.046,0.956,21553118,4645870,2713547,0.197,0.118,17327169,21454479,9076828,0.988,0.477,181554465,27648794,13203708,0.152,0.073,
30 June 2021,1468764,1549827,1413880,1.046,0.956,21553118,4681038,2725661,0.197,0.118,17327169,21927884,9134165,0.988,0.477,181554465,28158749,13273706,0.155,0.073,
1 July 2021,1468764,1549827,1413880,1.046,0.956,21553118,4681038,2725661,0.197,0.118,17327169,23325188,9389114,0.988,0.477,181554465,29556053,13528655,0.163,0.075,
2 July 2021,1468764,1549827,1413880,1.046,0.956,21553118,4681038,2725661,0.197,0.118,17327169,23953527,9484616,0.988,0.477,181554465,30184392,13624157,0.166,0.075,
3 July 2021,1468764,1549827,1413880,1.046,0.956,21553118,4681038,2725661,0.197,0.118,17327169,25342375,9783191,0.988,0.477,181554465,31573240,13922732,0.174,0.077,
4 July 2021,1468764,1549827,1413880,1.046,0.956,21553118,4681038,2725661,0.197,0.118,17327169,25730199,9830997,0.988,0.477,181554465,31961064,13970538,0.176,0.077,
5 July 2021,1468764,1549827,1413880,1.046,0.956,21553118,4681038,2725661,0.197,0.118,17327169,25832880,9840023,0.988,0.477,181554465,32063745,13979564,0.177,0.077,
6 July 2021,1468764,1560169,1419772,1.046,0.956,21553118,4867425,2850222,0.197,0.118,17327169,25874674,9765940,0.988,0.477,181554465,32302268,14035934,0.178,0.077,
7 July 2021,1468764,1563961,1422072,1.046,0.956,21553118,4933616,2905561,0.197,0.118,17327169,26990676,10029480,0.988,0.477,181554465,33488253,14357113,0.184,0.079,
8 July 2021,1468764,1566025,1423518,1.046,0.956,21553118,4963358,2933529,0.197,0.118,17327169,27720061,10159891,0.988,0.477,181554465,34249444,14516938,0.189,0.080,
9 July 2021,1468764,1567779,1424618,1.046,0.956,21553118,4988881,2957938,0.197,0.118,17327169,28402391,10276813,0.988,0.477,181554465,34959051,14659369,0.193,0.081,
10 July 2021,1468764,1569703,1426387,1.046,0.956,21553118,5026182,2999809,0.197,0.118,17327169,29179682,10442381,0.988,0.477,181554465,35775567,14868577,0.197,0.082,
11 July 2021,1468764,1570936,1427454,1.046,0.956,21553118,5044159,3015499,0.197,0.118,17327169,29577981,10526377,0.988,0.477,181554465,36193076,14969330,0.199,0.082,
12 July 2021,1468764,1571536,1427885,1.046,0.956,21553118,5050408,3020278,0.197,0.118,17327169,29656662,10568239,0.988,0.477,181554465,36278606,15016402,0.200,0.083,
13 July 2021,1468764,1571983,1428202,1.046,0.956,21553118,5055120,3023237,0.197,0.118,17327169,29767916,10587109,0.988,0.477,181554465,36395019,15038548,0.200,0.083,
14 July 2021,1468764,1575406,1430768,1.046,0.956,21553118,5101997,3069958,0.197,0.118,17327169,30354423,10753495,0.988,0.477,181554465,37031826,15254221,0.204,0.084,
15 July 2021,1468764,1579142,1433358,1.046,0.956,21553118,5157397,3140897,0.197,0.118,17327169,32541614,11111279,0.988,0.477,181554465,39278153,15685534,0.216,0.086,
16 July 2021,1468764,1580740,1434660,1.046,0.956,21553118,5179165,3170849,0.197,0.118,17327169,33183099,11271268,0.988,0.477,181554465,39943004,15876777,0.220,0.087,
17 July 2021,1468764,1583086,1436730,1.046,0.956,21553118,5205397,3200390,0.197,0.118,17327169,34123957,11461879,0.988,0.477,181554465,40912440,16098999,0.225,0.089,
18 July 2021,1468764,1584016,1437497,1.046,0.956,21553118,5218972,3217057,0.197,0.118,17327169,34465639,11563301,0.988,0.477,181554465,41268627,16217855,0.227,0.089,
19 July 2021,1468764,1585054,1438119,1.046,0.956,21553118,5231538,3222426,0.197,0.118,17327169,34961471,11622798,0.988,0.477,181554465,41778063,16283343,0.230,0.090,
20 July 2021,1468764,1586172,1439234,1.046,0.956,21553118,4704081,2965880,0.197,0.118,17327169,36023478,12039348,0.988,0.477,181554465,42313731,16444462,0.233,0.091,
21 July 2021,1468764,1586252,1439349,1.046,0.956,21553118,4704925,2966504,0.197,0.118,17327169,36053498,12045435,0.988,0.477,181554465,42344675,16451288,0.233,0.091,
22 July 2021,1468764,1587505,1440945,1.046,0.956,21553118,4720533,2987829,0.197,0.118,17327169,36559985,12284632,0.988,0.477,181554465,42868023,16713406,0.236,0.092,
23 July 2021,1468764,1588326,1441989,1.046,0.956,21553118,4730337,3002630,0.197,0.118,17327169,36837132,12451581,0.988,0.477,181554465,43155795,16896200,0.238,0.093,
24 July 2021,1468764,1590045,1444040,1.046,0.956,21553118,4751432,3022965,0.197,0.118,17327169,37590810,12786704,0.988,0.477,181554465,43932287,17253709,0.242,0.095,
25 July 2021,1468764,1590978,1446036,1.046,0.956,21553118,4761954,3044618,0.197,0.118,17327169,37989266,13307485,0.988,0.477,181554465,44342198,17798139,0.244,0.098,
26 July 2021,1468764,1591365,1446523,1.046,0.956,21553118,4766906,3051222,0.197,0.118,17327169,38193066,13435820,0.988,0.477,181554465,44551337,17933565,0.245,0.099,
27 July 2021,1468764,1592432,1448425,1.046,0.956,21553118,4780438,3073295,0.197,0.118,17327169,38639779,13845378,0.988,0.477,181554465,45012649,18367098,0.248,0.101,
28 July 2021,1468764,1593641,1450462,1.046,0.956,21553118,4795761,3097519,0.197,0.118,17327169,39144781,14309270,0.988,0.477,181554465,45534183,18857251,0.251,0.104,
29 July 2021,1468764,1594828,1594828,1.046,0.956,21553118,4810970,3120010,0.197,0.118,17327169,39647206,14639491,0.988,0.477,181554465,46053004,19354329,0.254,0.107,
30 July 2021,1468764,1596183,1596183,1.046,0.956,21553118,4826749,4826749,0.197,0.118,17327169,40144438,13444339,0.988,0.477,181554465,46567370,19867271,0.256,0.109,
31 July 2021,1468764,1597420,1456868,1.046,0.956,21553118,4838255,3162088,0.197,0.118,17327169,40579245,15683891,0.988,0.477,181554465,47014920,20302847,0.259,0.112,
1 August 2021,1468764,1598200,1458319,1.046,0.956,21553118,4848613,3178242,0.197,0.118,17327169,40943681,15984733,0.988,0.477,181554465,47390494,20621294,0.261,0.114,
2 August 2021,1468764,1598537,1458707,1.046,0.956,21553118,4852390,3180403,0.197,0.118,17327169,41111417,16067992,0.988,0.477,181554465,47562344,20707102,0.262,0.114,
3 August 2021,1468764,1599420,1460489,1.046,0.956,21553118,4861985,3199592,0.197,0.118,17327169,41385774,16411015,0.988,0.477,181554465,47847179,21071096,0.264,0.116,
4 August 2021,1468764,1600274,1462171,1.046,0.956,21553118,4871507,3218316,0.197,0.118,17327169,41677036,16816508,0.988,0.477,181554465,48148817,21496995,0.265,0.118,
5 August 2021,1468764,1601161,1464056,1.046,0.956,21553118,4882081,3236940,0.197,0.118,17327169,42011526,17275630,0.988,0.477,181554465,48494768,21976626,0.267,0.121,
6 August 2021,1468764,1602289,1465859,1.046,0.956,21553118,4890614,3247861,0.197,0.118,17327169,42363516,17570264,0.988,0.477,181554465,48856419,22283984,0.269,0.123,0.147125299
7 August 2021,1468764,1604269,1469818,1.046,0.956,21553118,4909924,3283269,0.197,0.118,17327169,43028495,18328934,0.988,0.477,181554465,49542688,23082021,0.273,0.127,
8 August 2021,1468764,1595639,1462914,1.046,0.956,21553118,4923635,3302094,0.197,0.118,17327169,43445471,18763122,0.988,0.477,208265720,49964745,23528130,0.240,0.113,
9 August 2021,1468764,1585298,1454424,1.046,0.956,21553118,4937505,3312941,0.197,0.118,17327169,44038768,19279849,0.988,0.477,208265720,50561571,24047214,0.243,0.115,
10 August 2021,1468764,1603012,1473500,1.046,0.956,21553118,4950257,3338199,0.197,0.118,17327169,44284339,19804265,0.988,0.477,208265720,50837608,24615964,0.244,0.118,
11 August 2021,1468764,1605104,1477058,1.046,0.956,21553118,4967521,3362468,0.197,0.118,17327169,44870417,20410466,0.988,0.477,208265720,51443042,25249992,0.247,0.121,
12 August 2021,1468764,1605836,1478463,1.046,0.956,21553118,4974734,3372273,0.197,0.118,17327169,45313996,20652113,0.988,0.477,208265720,51894566,25502849,0.249,0.122,
13 August 2021,1468764,1607284,1481324,1.046,0.956,21553118,4987862,3402777,0.197,0.118,17327169,45431770,21260061,0.988,0.477,208265720,52026916,26144162,0.250,0.126,
14 August 2021,1468764,1609398,1485554,1.046,0.956,21553118,5005427,3434272,0.197,0.118,17327169,46676482,22443089,0.988,0.477,208265720,53291307,27362915,0.256,0.131,
15 August 2021,1468764,1611081,1489303,1.046,0.956,21553118,5022660,3464531,0.197,0.118,17327169,47358264,23269192,0.988,0.477,208265720,53992005,28223026,0.259,0.136,
16 August 2021,1468764,1612024,1490394,1.046,0.956,21553118,5027024,3470203,0.197,0.118,17327169,47049074,23151688,0.988,0.477,208265720,53688122,28112285,0.258,0.135,
17 August 2021,1468764,1614606,1492997,1.046,0.956,21553118,5038179,3492764,0.197,0.118,17327169,48022127,23959159,0.988,0.477,208265720,54674912,28944920,0.263,0.139,
18 August 2021,1468764,1616049,1494565,1.046,0.956,21553118,5044492,3499461,0.197,0.118,17327169,48439712,24199691,0.988,0.477,208265720,55100253,29193717,0.265,0.140,
19 August 2021,1468764,1619070,1498060,1.046,0.956,21553118,5063765,3529094,0.197,0.118,17327169,48978129,24850572,0.988,0.477,208265720,55660964,29877726,0.267,0.143,
20 August 2021,1468764,1622338,1501857,1.046,0.956,21553118,5083907,3558550,0.197,0.118,17327169,49616039,25529638,0.988,0.477,208265720,56322284,30590045,0.270,0.147,
21 August 2021,1468764,1624226,1504136,1.046,0.956,21553118,5093126,3569648,0.197,0.118,17327169,49969129,25874587,0.988,0.477,208265720,56686481,30948371,0.272,0.149,
22 August 2021,1468764,1627357,1507894,1.046,0.956,21553118,5113316,3592892,0.197,0.118,17327169,50562888,26486661,0.988,0.477,208265720,57303561,31587447,0.275,0.152,
23 August 2021,1468764,1627523,1508089,1.046,0.956,21553118,5114412,3593533,0.197,0.118,17327169,50598794,26501011,0.988,0.477,208265720,57340729,31602633,0.275,0.152,
24 August 2021,1468764,1630171,1511295,1.046,0.956,21553118,5133555,3614799,0.197,0.118,17327169,51259298,27121156,0.988,0.477,208265720,58023024,32247250,0.279,0.155,
25 August 2021,1468764,1632920,1514205,1.046,0.956,21553118,5153027,3635848,0.197,0.118,17327169,51926158,27649163,0.988,0.477,208265720,58712105,32799216,0.282,0.157,
26 August 2021,1468764,1635703,1516815,1.046,0.956,21553118,5173665,3657656,0.197,0.118,17327169,52571835,28169680,0.988,0.477,208265720,59381203,33344151,0.285,0.160,
27 August 2021,1468764,1636776,1517893,1.046,0.956,21553118,5173487,3658276,0.197,0.118,17327169,52616674,28181178,0.988,0.477,208265720,59426937,33357347,0.285,0.160,
28 August 2021,1468764,1642557,1523167,1.046,0.956,21553118,5213872,3698155,0.197,0.118,17327169,53935191,29214383,0.988,0.477,208265720,60791620,34435705,0.292,0.165,
29 August 2021,1468764,1644851,1525098,1.046,0.956,21553118,5231837,3710860,0.197,0.118,17327169,54588650,29567830,0.988,0.477,208265720,61465338,34803788,0.295,0.167,
30 August 2021,1468764,1645220,1525425,1.046,0.956,21553118,5235767,3712507,0.197,0.118,17327169,54774658,29620528,0.988,0.477,208265720,61655645,34858460,0.296,0.167,
31 August 2021,1468764,1648183,1528171,1.046,0.956,21553118,5264029,3736798,0.197,0.118,17327169,55712185,30260300,0.988,0.477,208265720,62624397,35525269,0.301,0.171,
1 September 2021,1468764,1650607,1530496,1.046,0.956,21553118,5289590,3759534,0.197,0.118,17327169,56551160,30760836,0.988,0.477,208265720,63491357,36050866,0.305,0.173,
2 September 2021,1468764,1652594,1532177,1.046,0.956,21553118,5311741,3776532,0.197,0.118,17327169,57265555,31145724,0.988,0.477,208265720,64229890,36454433,0.308,0.175,
3 September 2021,1468764,1655018,1534594,1.046,0.956,21553118,5342318,3804082,0.197,0.118,17327169,58232342,31816654,0.988,0.477,208265720,65229678,37155330,0.313,0.178,
4 September 2021,1468764,1657214,1536732,1.046,0.956,21553118,5366032,3823324,0.197,0.118,17327169,58933905,32362422,0.988,0.477,208265720,65957151,37722478,0.317,0.181,
5 September 2021,1468764,1658660,1538013,1.046,0.956,21553118,5392864,3842454,0.197,0.118,17327169,59685780,32827517,0.988,0.477,208265720,66737304,38207984,0.320,0.183,
6 September 2021,1468764,1658739,1538134,1.046,0.956,21553118,5394689,3842967,0.197,0.118,17327169,59729586,32842248,0.988,0.477,208265720,66783014,38223349,0.321,0.184,
7 September 2021,1468764,1660616,1539930,1.046,0.956,21553118,5427092,3866088,0.197,0.118,17327169,60739653,33443785,0.988,0.477,208265720,67827361,38849803,0.326,0.187,
8 September 2021,1468764,1662502,1541983,1.046,0.956,21553118,5456487,3891369,0.197,0.118,17327169,61696650,34010724,0.988,0.477,208265720,68815639,39444076,0.330,0.189,
9 September 2021,1468764,1664309,1543629,1.046,0.956,21553118,5488669,3913690,0.197,0.118,17327169,62625425,34513360,0.988,0.477,208265720,69778403,39970679,0.335,0.192,
10 September 2021,1468764,1666558,1546005,1.046,0.956,21553118,5595787,3984913,0.197,0.118,17327169,63593417,35080791,0.988,0.477,208265720,70855762,40611709,0.340,0.195,
11 September 2021,1468764,1952700,1783761,1.046,0.956,21553118,5617831,3999204,0.197,0.118,17327169,64097246,35400591,0.988,0.477,208265720,71667777,41183556,0.344,0.198,
12 September 2021,1468764,1953565,1785482,1.046,0.956,21553118,5649987,4014271,0.197,0.118,17327169,65009374,35832964,0.988,0.477,208265720,72612926,41632717,0.349,0.200,
13 September 2021,1468764,1953826,1785952,1.046,0.956,21553118,5661149,4017768,0.197,0.118,17327169,65261393,35981874,0.988,0.477,208265720,72876368,41785594,0.350,0.201,
14 September 2021,1468764,1954573,1788254,1.046,0.956,21553118,5696722,4037864,0.197,0.118,17327169,66188388,36502944,0.988,0.477,208265720,73839683,42329062,0.355,0.203,
15 September 2021,1468764,1957966,1792031,1.046,0.956,21553118,5733379,4055706,0.197,0.118,17327169,67126941,36931593,0.988,0.477,208265720,74818286,42779330,0.359,0.205,
16 September 2021,1468764,1959676,1794891,1.046,0.956,21553118,5771551,4076671,0.197,0.118,17327169,68060075,37413412,0.988,0.477,208265720,75791302,43284974,0.364,0.208,
17 September 2021,1468764,1960432,1796999,1.046,0.956,21553118,5791922,4090176,0.197,0.118,17327169,68831627,37856977,0.988,0.477,208265720,76583981,43744152,0.368,0.210,
18 September 2021,1468764,1961649,1800033,1.046,0.956,21553118,5852388,4115113,0.197,0.118,17327169,70075642,38417473,0.988,0.477,208265720,77889679,44332619,0.374,0.213,
19 September 2021,1468764,1962386,1802070,1.046,0.956,21553118,5898406,4137320,0.197,0.118,17327169,71189762,39007756,0.988,0.477,208265720,79050554,44947146,0.380,0.216,
20 September 2021,1468764,1962609,1802702,1.046,0.956,21553118,5914182,4146831,0.197,0.118,17327169,71740304,39245107,0.988,0.477,208265720,79617095,45194640,0.382,0.217,
21 September 2021,1468764,1962628,1802843,1.046,0.956,21553118,5916429,4148505,0.197,0.118,17327169,71782106,39276775,0.988,0.477,208265720,79661163,45228123,0.382,0.217,
22 September 2021,1468764,1967988,1809863,1.046,0.956,21553118,5981058,4181950,0.197,0.118,17327169,73134452,40133977,0.988,0.477,208265720,81083498,46125790,0.389,0.221,
23 September 2021,1468764,1968845,1812535,1.046,0.956,21553118,6036603,4207182,0.197,0.118,17327169,74722666,40752711,0.988,0.477,208265720,82728114,46772428,0.397,0.225,
24 September 2021,1468764,1969886,1814987,1.046,0.956,21553118,6103638,4227613,0.197,0.118,17327169,76048436,41292585,0.988,0.477,208265720,84121960,47335185,0.404,0.227,
25 September 2021,1468764,1970495,1817131,1.046,0.956,21553118,6148020,4248397,0.197,0.118,17327169,76897322,41710906,0.988,0.477,208265720,85015837,47776434,0.408,0.229,
26 September 2021,1468764,1971195,1819268,1.046,0.956,21553118,6192845,4265136,0.197,0.118,17327169,77780398,42178466,0.988,0.477,208265720,85944438,48262870,0.413,0.232,
27 September 2021,1468764,1971672,1820688,1.046,0.956,21553118,6239278,4281923,0.197,0.118,17327169,78536393,42568581,0.988,0.477,208265720,86747343,48671192,0.417,0.234,
28 September 2021,1468764,1972413,1823010,1.046,0.956,21553118,6275551,4300200,0.197,0.118,17327169,79494943,43074901,0.988,0.477,208265720,87742907,49198111,0.421,0.236,
29 September 2021,1468764,1976171,1828947,1.046,0.956,21553118,6345045,4328971,0.197,0.118,17327169,80880223,43872853,0.988,0.477,208265720,89201439,50030771,0.428,0.240,
30 September 2021,1468764,1979234,1832838,1.046,0.956,21553118,6413351,4353870,0.197,0.118,17327169,81968417,44501512,0.988,0.477,208265720,90361002,50688220,0.434,0.243,
1 October 2021,1468764,1979947,1834540,1.046,0.956,21553118,6470784,4375496,0.197,0.118,17327169,82628270,44903324,0.988,0.477,208265720,91079001,51113360,0.437,0.245,
2 October 2021,1468764,1980987,1838021,1.046,0.956,21553118,6553823,4405827,0.197,0.118,17327169,84126336,45771316,0.988,0.477,208265720,92661146,52015164,0.445,0.250,
3 October 2021,1468764,1982738,1840904,1.046,0.956,21553118,6608566,4426150,0.197,0.118,17327169,84924189,46315512,0.988,0.477,208265720,93515493,52582566,0.449,0.252,
4 October 2021,1468764,1982926,1841266,1.046,0.956,21553118,6641860,4436984,0.197,0.118,17327169,85286079,46405700,0.988,0.477,208265720,93910865,52683950,0.451,0.253,
5 October 2021,1468764,1984360,1843675,1.046,0.956,21553118,6687680,4455201,0.197,0.118,17327169,85966905,47026383,0.988,0.477,208265720,94638945,53325259,0.454,0.256,
6 October 2021,1468764,1985052,1845817,1.046,0.956,21553118,6738425,4481341,0.197,0.118,17327169,86590068,47666595,0.988,0.477,208265720,95313545,53993753,0.458,0.259,
7 October 2021,1468764,1985898,1847907,1.046,0.956,21553118,6797554,4506010,0.197,0.118,17327169,87324227,48368026,0.988,0.477,208265720,96107679,54721943,0.461,0.263,
8 October 2021,1468764,1987864,1850301,1.046,0.956,21553118,6841886,4523473,0.197,0.118,17327169,88053105,48789068,0.988,0.477,208265720,96882855,55162842,0.465,0.265,
9 October 2021,1468764,1988705,1852845,1.046,0.956,21553118,6920544,4551944,0.197,0.118,17327169,89473692,49862306,0.988,0.477,208265720,98382941,56267095,0.472,0.270,
10 October 2021,1468764,1990126,1855845,1.046,0.956,21553118,7027294,4598706,0.197,0.118,17327169,90807834,50770780,0.988,0.477,208265720,99825254,57225331,0.479,0.275,
11 October 2021,1468764,1990393,1856314,1.046,0.956,21553118,7080741,4611290,0.197,0.118,17327169,91117904,51054630,0.988,0.477,208265720,100189038,57522234,0.481,0.276,
12 October 2021,1468764,1990945,1857542,1.046,0.956,21553118,7106879,4629159,0.197,0.118,17327169,91783827,51503778,0.988,0.477,208265720,100881651,57990479,0.484,0.278,
13 October 2021,1468764,1994755,1861781,1.046,0.956,21553118,7173641,4653687,0.197,0.118,17327169,92504681,52205067,0.988,0.477,208265720,101673077,58720535,0.488,0.282,
14 October 2021,1468764,1996110,1864086,1.046,0.956,21553118,7250974,4683581,0.197,0.118,17327169,93948705,53139910,0.988,0.477,208265720,103195789,59687577,0.496,0.287,
15 October 2021,1468764,1998152,1869279,1.046,0.956,21553118,7362693,4725455,0.197,0.118,17327169,95526186,54175009,0.988,0.477,208265720,104887031,60769743,0.504,0.292,
16 October 2021,1468764,1999267,1871462,1.046,0.956,21553118,7450206,4757146,0.197,0.118,17327169,96353573,55129883,0.988,0.477,208265720,105803046,61758491,0.508,0.297,
17 October 2021,1468764,1999849,1872645,1.046,0.956,21553118,7555710,4779230,0.197,0.118,17327169,97454581,55725502,0.988,0.477,208265720,107010140,62377377,0.514,0.300,
18 October 2021,1468764,2000048,1873140,1.046,0.956,21553118,7610761,4779230,0.197,0.118,17327169,98005537,56180490,0.988,0.477,208265720,107616346,62832860,0.517,0.302,
19 October 2021,1468764,2001659,1875305,1.046,0.956,21553118,7655427,4830305,0.197,0.118,17327169,98786611,56781007,0.988,0.477,208265720,108443697,63486617,0.521,0.305,
20 October 2021,1468764,2002337,1876805,1.046,0.956,21553118,7728258,4858702,0.197,0.118,17327169,99854088,57629196,0.988,0.477,208265720,109584683,64364703,0.526,0.309,
21 October 2021,1468764,2002682,1877586,1.046,0.956,21553118,7805549,4909279,0.197,0.118,17327169,100223865,58061319,0.988,0.477,208265720,110032096,64848184,0.528,0.311,
22 October 2021,1468764,2004357,1880020,1.046,0.956,21553118,7841631,4931330,0.197,0.118,17327169,101085387,58788960,0.988,0.477,208265720,110931375,65600310,0.533,0.315,
23 October 2021,1468764,2005365,1881984,1.046,0.956,21553118,7915253,4972868,0.197,0.118,17327169,102031093,59812896,0.988,0.477,208265720,111951711,66667748,0.538,0.320,
24 October 2021,1468764,2006384,1883726,1.046,0.956,21553118,7976970,5007672,0.197,0.118,17327169,102900548,60738497,0.988,0.477,208265720,112883902,67629895,0.542,0.325,
25 October 2021,1468764,2006567,1884233,1.046,0.956,21553118,8053566,5040393,0.197,0.118,17327169,103128134,61122909,0.988,0.477,208265720,113188267,68047535,0.543,0.327,
26 October 2021,1468764,2007596,1885911,1.046,0.956,21553118,8086229,5072248,0.197,0.118,17327169,103932459,61716887,0.988,0.477,208265720,114026284,68675046,0.548,0.330,
27 October 2021,1468764,2008404,1887195,1.046,0.956,21553118,8148203,5098404,0.197,0.118,17327169,104687203,62471291,0.988,0.477,208265720,114843810,69456890,0.551,0.334,
28 October 2021,1468764,2009389,1888844,1.046,0.956,21553118,8222936,5130553,0.197,0.118,17327169,105655163,63395541,0.988,0.477,208265720,115887488,70414938,0.556,0.338,
29 October 2021,1468764,2010521,1890817,1.046,0.956,21553118,8314363,5166447,0.197,0.118,17327169,106948692,64451107,0.988,0.477,208265720,117273576,71508371,0.563,0.343,
30 October 2021,1468764,2011681,1892696,1.046,0.956,21553118,8389582,5224338,0.197,0.118,17327169,107838724,65377269,0.988,0.477,208265720,118239987,72494303,0.568,0.348,
31 October 2021,1468764,2012855,1894553,1.046,0.956,21553118,8517913,5260619,0.197,0.118,17327169,108713909,66235448,0.988,0.477,208265720,119244677,73390620,0.573,0.352,
1 November 2021,1468764,2013194,1895164,1.046,0.956,21553118,8619262,5295577,0.197,0.118,17327169,109184188,66615847,0.988,0.477,208265720,119816644,73806588,0.575,0.354,
2 November 2021,1468764,2014396,1896971,1.046,0.956,21553118,8653987,5351879,0.197,0.118,17327169,109884799,67195411,0.988,0.477,208265720,120553182,74444261,0.579,0.357,
3 November 2021,1468764,2015385,1898564,1.046,0.956,21553118,8723505,5393636,0.197,0.118,17327169,110626191,67925014,0.988,0.477,208265720,121365081,75217214,0.583,0.361,
4 November 2021,1468764,2016511,1900511,1.046,0.956,21553118,8803992,5438599,0.197,0.118,17327169,111643616,68852567,0.988,0.477,208265720,122464119,76191677,0.588,0.366,
5 November 2021,1468764,2017520,1902352,1.046,0.956,21553118,8881036,5490800,0.197,0.118,17327169,112535300,69720658,0.988,0.477,208265720,123433856,77113810,0.593,0.370,
6 November 2021,1468764,2018355,1904051,1.046,0.956,21553118,8953798,5536415,0.197,0.118,17327169,113115655,70599603,0.988,0.477,208265720,124087808,78040069,0.596,0.375,
7 November 2021,1468764,2019277,1905524,1.046,0.956,21553118,9025344,5588904,0.197,0.118,17327169,113662675,71185584,0.988,0.477,208265720,124707296,78680012,0.599,0.378,
8 November 2021,1468764,2019409,1905985,1.046,0.956,21553118,9077263,5622275,0.197,0.118,17327169,114088195,71520286,0.988,0.477,208265720,125184867,79048546,0.601,0.380,
9 November 2021,1468764,2019983,1906911,1.046,0.956,21553118,9093901,5637981,0.197,0.118,17327169,114354273,71796091,0.988,0.477,208265720,125468157,79340983,0.602,0.381,
10 November 2021,1468764,2021364,1908959,1.046,0.956,21553118,9195138,5693562,0.197,0.118,17327169,115677507,72809901,0.988,0.477,208265720,126894009,80412422,0.609,0.386,
11 November 2021,1468764,2022233,1910444,1.046,0.956,21553118,9261653,5742896,0.197,0.118,17327169,116521220,73622479,0.988,0.477,208265720,127805106,81275819,0.614,0.390,
12 November 2021,1468764,2022974,1911770,1.046,0.956,21553118,9324433,5788240,0.197,0.118,17327169,117344820,74422888,0.988,0.477,208265720,128692227,82122898,0.618,0.394,
13 November 2021,1468764,2023906,1913864,1.046,0.956,21553118,9384666,5844556,0.197,0.118,17327169,118041221,75356993,0.988,0.477,208265720,129449793,83115413,0.622,0.399,
14 November 2021,1468764,2024663,1915322,1.046,0.956,21553118,9425412,5892251,0.197,0.118,17327169,118654642,76019875,0.988,0.477,208265720,130104717,83827448,0.625,0.403,
15 November 2021,1468764,2024663,1915322,1.046,0.956,21553118,9459973,5921285,0.197,0.118,17327169,118880310,76353996,0.988,0.477,208265720,130364946,84190603,0.626,0.404,
16 November 2021,1468764,2025736,1917266,1.046,0.956,21553118,9514681,5965673,0.197,0.118,17327169,119409082,76987234,0.988,0.477,208265720,130949499,84870173,0.629,0.408,
17 November 2021,1468764,2026382,1918707,1.046,0.956,21553118,9566374,6012712,0.197,0.118,17327169,120082579,77830092,0.988,0.477,208265720,131675335,85761511,0.632,0.412,
18 November 2021,1468764,2027328,1919953,1.046,0.956,21553118,10406747,6452987,0.197,0.118,17327169,119631225,77945285,0.988,0.477,208265720,132065300,86318225,0.634,0.414,
19 November 2021,1468764,2027583,1920342,1.046,0.956,21553118,10633087,6637159,0.197,0.118,17327169,119639058,77950725,0.988,0.477,208265720,132299728,86508226,0.635,0.415,
20 November 2021,1468764,2024451,1919334,1.046,0.956,21553118,10776096,6761049,0.197,0.118,17327169,120918378,79603962,0.988,0.477,208265720,133718925,88284345,0.642,0.424,
21 November 2021,1468764,2020509,1916313,1.046,0.956,21553118,10849366,6814315,0.197,0.118,17327169,121228865,80095318,0.988,0.477,208265720,134098740,88825946,0.644,0.427,
22 November 2021,1468764,2020509,1916313,1.046,0.956,21553118,10909953,6846155,0.197,0.118,17327169,121531757,80510588,0.988,0.477,208265720,134462219,89273056,0.646,0.429,
23 November 2021,1468764,2025519,1922030,1.046,0.956,21553118,10951824,6877134,0.197,0.118,17327169,122110588,81092997,0.988,0.477,208265720,135087931,89892161,0.649,0.432,
24 November 2021,1468764,2031225,1927846,1.046,0.956,21553118,11008285,6917881,0.197,0.118,17327169,122676532,81674474,0.988,0.477,208265720,135716042,90520201,0.652,0.435,
25 November 2021,1468764,2031225,1927846,1.046,0.956,21553118,11096462,7004179,0.197,0.118,17327169,123319942,82685102,0.988,0.477,208265720,136447629,91617127,0.655,0.440,
26 November 2021,1468764,2031225,1927846,1.046,0.956,21553118,11096462,7004179,0.197,0.118,17327169,123970990,83787658,0.988,0.477,208265720,137098677,92719683,0.658,0.445,
27 November 2021,1468764,2031225,1928818,1.046,0.956,21553118,11096462,7004179,0.197,0.118,17327169,124551935,84379363,0.988,0.477,208265720,137679622,93312360,0.661,0.448,
28 November 2021,1468764,2031225,1928818,1.046,0.956,21553118,11261465,7166258,0.197,0.118,17327169,124910536,84673831,0.988,0.477,208265720,138203226,93768907,0.664,0.450,
29 November 2021,1468764,2031225,1928818,1.046,0.956,21553118,11341868,7241372,0.197,0.118,17327169,125231184,85294528,0.988,0.477,208265720,138604277,94464718,0.666,0.454,
30 November 2021,1468764,2031225,1928818,1.046,0.956,21553118,11414637,7295631,0.197,0.118,17327169,125674100,85846890,0.988,0.477,208265720,139119962,95071339,0.668,0.456,
1 December 2021,1468764,2031225,1928818,1.046,0.956,21553118,11460275,7337652,0.197,0.118,17327169,125882891,86216591,0.988,0.477,208265720,139374391,95483061,0.669,0.458,
2 December 2021,1468764,2031225,1928818,1.046,0.956,21553118,11570705,7428714,0.197,0.118,17327169,126930727,87497008,0.988,0.477,208265720,140532657,96854540,0.675,0.465,
3 December 2021,1468764,2039670,1943069,1.046,0.956,21553118,11658920,7512715,0.197,0.118,17327169,127499789,88174121,0.988,0.477,208265720,141198379,97629905,0.678,0.469,
4 December 2021,1468764,2039670,1943069,1.046,0.956,21553118,11727829,7573173,0.197,0.118,17327169,127967492,88761075,0.988,0.477,208265720,141734991,98277317,0.681,0.472,
5 December 2021,1468764,2039670,1943214,1.046,0.956,21553118,11822952,7632445,0.197,0.118,17327169,128453306,89338748,0.988,0.477,208265720,142315928,98914407,0.683,0.475,
6 December 2021,1468764,2039670,1943214,1.046,0.956,21553118,11851108,7656792,0.197,0.118,17327169,128611710,89421284,0.988,0.477,208265720,142502488,99021290,0.684,0.475,
7 December 2021,1468764,2040072,1944756,1.046,0.956,21553118,11884427,7675296,0.197,0.118,17327169,128849467,89660924,0.988,0.477,208265720,142773966,99280976,0.686,0.477,
8 December 2021,1468764,2040072,1945247,1.046,0.956,21553118,11951513,7729339,0.197,0.118,17327169,129497863,90359224,0.988,0.477,208265720,143489448,100033810,0.689,0.480,
9 December 2021,1468764,2040072,1945297,1.046,0.956,21553118,12035920,7795327,0.197,0.118,17327169,130102418,91062100,0.988,0.477,208265720,144178410,100802724,0.692,0.484,
10 December 2021,1468764,2040072,1945297,1.046,0.956,21553118,12104499,7860828,0.197,0.118,17327169,130522585,91629496,0.988,0.477,208265720,144667156,101435621,0.695,0.487,
11 December 2021,1468764,2041391,1947889,1.046,0.956,21553118,12190752,7922588,0.197,0.118,17327169,131229449,92273470,0.988,0.477,208265720,145461592,102143947,0.698,0.490,
12 December 2021,1468764,2041391,1947889,1.046,0.956,21553118,12303921,7981464,0.197,0.118,17327169,131925192,92830419,0.988,0.477,208265720,146270504,102759772,0.702,0.493,
13 December 2021,1468764,2041391,1947889,1.046,0.956,21553118,12342477,8013731,0.197,0.118,17327169,132195883,92955012,0.988,0.477,208265720,146579751,102916632,0.704,0.494,
14 December 2021,1468764,2041417,1948527,1.046,0.956,21553118,12382974,8029589,0.197,0.118,17327169,132619164,93156531,0.988,0.477,208265720,147043555,103134647,0.706,0.495,
15 December 2021,1468764,2041417,1948527,1.046,0.956,21553118,12475986,8097822,0.197,0.118,17327169,133417599,94039737,0.988,0.477,208265720,147935002,104086086,0.710,0.500,
16 December 2021,1468764,2041417,1948697,1.046,0.956,21553118,12546506,8141248,0.197,0.118,17327169,134063511,94703068,0.988,0.477,208265720,148651434,104793013,0.714,0.503,
17 December 2021,1468764,2041417,1949326,1.046,0.956,21553118,12656835,8223637,0.197,0.118,17327169,134919353,95385296,0.988,0.477,208265720,149617605,105558259,0.718,0.507,
18 December 2021,1468764,2041417,1949326,1.046,0.956,21553118,12788861,8308100,0.197,0.118,17327169,135899548,96082333,0.988,0.477,208265720,150729826,106339759,0.724,0.511,
19 December 2021,1468764,2041417,1949326,1.046,0.956,21553118,12872036,8356469,0.197,0.118,17327169,136137984,96563559,0.988,0.477,208265720,151051437,106869354,0.725,0.513,
20 December 2021,1468764,2041417,1949326,1.046,0.956,21553118,12949213,8393227,0.197,0.118,17327169,136616865,96734590,0.988,0.477,208265720,151607495,107077143,0.728,0.514,
21 December 2021,1468764,2041417,1950382,1.046,0.956,21553118,13008096,8413017,0.197,0.118,17327169,137067785,96943434,0.988,0.477,208265720,152117298,107306833,0.730,0.515,
22 December 2021,1468764,2041723,1951762,1.046,0.956,21553118,13081798,8444031,0.197,0.118,17327169,137751888,97491126,0.988,0.477,208265720,152875409,107886919,0.734,0.518,
23 December 2021,1468764,2041723,1951762,1.046,0.956,21553118,13247994,8549496,0.197,0.118,17327169,138582109,98325867,0.988,0.477,208265720,153871826,108827125,0.739,0.523,
24 December 2021,1468764,2045339,1956551,1.046,0.956,21553118,13372691,8616976,0.197,0.118,17327169,139373707,98961810,0.988,0.477,208265720,154791737,109535337,0.743,0.526,
25 December 2021,1468764,2045339,1956551,1.046,0.956,21553118,13508198,8689954,0.197,0.118,17327169,140218800,99585424,0.988,0.477,208265720,155772337,110231929,0.748,0.529,
26 December 2021,1468764,2045339,1956551,1.046,0.956,21553118,13591335,8717414,0.197,0.118,17327169,140805420,99841903,0.988,0.477,208265720,156442094,110515868,0.751,0.531,
27 December 2021,1468764,2045339,1956551,1.046,0.956,21553118,13638431,8731344,0.197,0.118,17327169,141168043,99976359,0.988,0.477,208265720,156851813,110664254,0.753,0.531,
28 December 2021,1468764,2045339,1956551,1.046,0.956,21553118,13710300,8775536,0.197,0.118,17327169,141491157,100436533,0.988,0.477,208265720,157246796,111168620,0.755,0.534,
29 December 2021,1468764,2045339,1957196,1.046,0.956,21553118,13845634,8842265,0.197,0.118,17327169,142221117,101114292,0.988,0.477,208265720,158112090,111913753,0.759,0.537,
30 December 2021,1468764,2045470,1958227,1.046,0.956,21553118,13992407,8890450,0.197,0.118,17327169,143231333,101746988,0.988,0.477,208265720,159269210,112595665,0.765,0.541,
31 December 2021,1468764,2051673,1964744,1.046,0.956,21553118,14112267,8965709,0.197,0.118,17327169,144118747,102340336,0.988,0.477,208265720,160282687,113270789,0.770,0.544,
1 January 2022,1468764,2051673,1964744,1.046,0.956,21553118,14269227,9030518,0.197,0.118,17327169,144999451,102854215,0.988,0.477,208265720,161320351,113849477,0.775,0.547,
2 January 2022,1468764,2051673,1964744,1.046,0.956,21553118,14354279,9071850,0.197,0.118,17327169,145496005,103005359,0.988,0.477,208265720,161901957,114041953,0.777,0.548,
3 January 2022,1468764,2051673,1964744,1.046,0.956,21553118,14379770,9080962,0.197,0.118,17327169,149506836,103067340,0.988,0.477,208265720,165938279,114113046,0.797,0.548,
4 January 2022,1468764,2051673,1964744,1.046,0.956,21553118,14400954,9094974,0.197,0.118,17327169,149882383,103237610,0.988,0.477,208265720,166335010,114297328,0.799,0.549,
5 January 2022,1468764,2054267,1968029,1.046,0.956,21553118,14442033,9138452,0.197,0.118,17327169,150384984,103586418,0.988,0.477,208265720,166881284,114692899,0.801,0.551,
6 January 2022,1468764,2054267,1968029,1.046,0.956,21553118,14479107,9180018,0.197,0.118,17327169,150993058,103936364,0.988,0.477,208265720,167526432,115084411,0.804,0.553,
7 January 2022,1468764,2054267,1968029,1.046,0.956,21553118,14553846,9260223,0.197,0.118,17327169,151723925,104596396,0.988,0.477,208265720,168332038,115824648,0.808,0.556,
8 January 2022,1468764,2054267,1968029,1.046,0.956,21553118,14614931,9323227,0.197,0.118,17327169,152412588,105017163,0.988,0.477,208265720,169081786,116308419,0.812,0.558,
9 January 2022,1468764,2054267,1968029,1.046,0.956,21553118,14659106,9369966,0.197,0.118,17327169,153072783,105382767,0.988,0.477,208265720,169786156,116720762,0.815,0.560,
10 January 2022,1468764,2054267,1968029,1.046,0.956,21553118,14683630,9382527,0.197,0.118,17327169,153489564,105475143,0.988,0.477,208265720,170227461,116825699,0.817,0.561,
11 January 2022,1468764,2054267,1968029,1.046,0.956,21553118,14722425,9408107,0.197,0.118,17327169,153943881,105748268,0.988,0.477,208265720,170720573,117124404,0.820,0.562,
12 January 2022,1468764,2054267,1968029,1.046,0.956,21553118,14786509,9470721,0.197,0.118,17327169,154605145,106211816,0.988,0.477,208265720,171445921,117650566,0.823,0.565,
13 January 2022,1468764,2054267,1968029,1.046,0.956,21553118,14842421,9517351,0.197,0.118,17327169,155497257,106652486,0.988,0.477,208265720,172393945,118137866,0.828,0.567,
14 January 2022,1468764,2054267,1970381,1.046,0.956,21553118,14903405,9563088,0.197,0.118,17327169,156505126,107091362,0.988,0.477,208265720,173462798,118624831,0.833,0.570,
15 January 2022,1468764,2054267,1970381,1.046,0.956,21553118,14963034,9614602,0.197,0.118,17327169,157744110,107606741,0.988,0.477,208265720,174761411,119191724,0.839,0.572,
16 January 2022,1468764,2054267,1970381,1.046,0.956,21553118,15007337,9647612,0.197,0.118,17327169,158828845,107933062,0.988,0.477,208265720,175890449,119551055,0.845,0.574,
17 January 2022,1468764,2054267,1971378,1.046,0.956,21553118,15033202,9668135,0.197,0.118,17327169,159278526,108134795,0.988,0.477,208265720,176365995,119774308,0.847,0.575,
18 January 2022,1468764,2054267,1971378,1.046,0.956,21553118,15062409,9699206,0.197,0.118,17327169,159785016,108470704,0.988,0.477,208265720,176901692,120141288,0.849,0.577,
19 January 2022,1468764,2054267,1971378,1.046,0.956,21553118,15123465,9776132,0.197,0.118,17327169,160466047,109328320,0.988,0.477,208265720,177643779,121075830,0.853,0.581,
20 January 2022,1468764,2054267,1971378,1.046,0.956,21553118,15174936,9840035,0.197,0.118,17327169,161398005,110111479,0.988,0.477,208265720,178627208,121922892,0.858,0.585,
21 January 2022,1468764,2054267,1971378,1.046,0.956,21553118,15225513,9892242,0.197,0.118,17327169,162120723,110762034,0.988,0.477,208265720,179400503,122625654,0.861,0.589,
22 January 2022,1468764,2054267,1971378,1.046,0.956,21553118,15293753,9951656,0.197,0.118,17327169,162893046,111454328,0.988,0.477,208265720,180241066,123377362,0.865,0.592,
23 January 2022,1468764,2054267,1971378,1.046,0.956,21553118,15364689,10002488,0.197,0.118,17327169,163551218,111995929,0.988,0.477,208265720,180970174,123969795,0.869,0.595,
24 January 2022,1468764,2054267,1971378,1.046,0.956,21553118,15382812,10017166,0.197,0.118,17327169,163740480,112113514,0.988,0.477,208265720,181177559,124102058,0.870,0.596,
25 January 2022,1468764,2054267,1971378,1.046,0.956,21553118,15420064,10057307,0.197,0.118,17327169,164180816,112608269,0.988,0.477,208265720,181655147,124636954,0.872,0.598,
26 January 2022,1468764,2054267,1971378,1.046,0.956,21553118,15458423,10115178,0.197,0.118,17327169,164766817,113339055,0.988,0.477,208265720,182279507,125425611,0.875,0.602,
27 January 2022,1468764,2054267,1971378,1.046,0.956,21553118,15493525,10177604,0.197,0.118,17327169,165314304,114023811,0.988,0.477,208265720,182862096,126172793,0.878,0.606,
28 January 2022,1468764,2054267,1971378,1.046,0.956,21553118,15532786,10232239,0.197,0.118,17327169,165836814,114668382,0.988,0.477,208265720,183423867,126871999,0.881,0.609,
29 January 2022,1468764,2054267,1971378,1.046,0.956,21553118,15574491,10284731,0.197,0.118,17327169,166283483,115197691,0.988,0.477,208265720,183912241,127453800,0.883,0.612,
30 January 2022,1468764,2054267,1971378,1.046,0.956,21553118,15627790,10328936,0.197,0.118,17327169,166729117,115614860,0.988,0.477,208265720,184411174,127915174,0.885,0.614,
31 January 2022,1468764,2054267,1971378,1.046,0.956,21553118,15646905,10339412,0.197,0.118,17327169,166893653,115698095,0.988,0.477,208265720,184594825,128008885,0.886,0.615,
1 February 2022,1468764,2054267,1971378,1.046,0.956,21553118,15670320,10369855,0.197,0.118,17327169,167211721,116059558,0.988,0.477,208265720,184936308,128400791,0.888,0.617,
2 February 2022,1468764,2054267,1971378,1.046,0.956,21553118,15713182,10397145,0.197,0.118,17327169,167391374,116308465,0.988,0.477,208265720,185158823,128676988,0.889,0.618,
3 February 2022,1468764,2054267,1971378,1.046,0.956,21553118,15732086,10426997,0.197,0.118,17327169,167695601,116761829,0.988,0.477,208265720,185481954,129160204,0.891,0.620,
4 February 2022,1468764,2054267,1971378,1.046,0.956,21553118,15757401,10463322,0.197,0.118,17327169,167997974,117337893,0.988,0.477,208265720,185809642,129772593,0.892,0.623,
5 February 2022,1468764,2054267,1971378,1.046,0.956,21553118,15783907,10506940,0.197,0.118,17327169,168366854,117984321,0.988,0.477,208265720,186205028,130462639,0.894,0.626,
6 February 2022,1468764,2054267,1971378,1.046,0.956,21553118,15803853,10540749,0.197,0.118,17327169,168631387,118441945,0.988,0.477,208265720,186489507,130954072,0.895,0.629,
7 February 2022,1468764,2054267,1971378,1.046,0.956,21553118,15812638,10551372,0.197,0.118,17327169,168741226,118564911,0.988,0.477,208265720,186608131,131087661,0.896,0.629,
8 February 2022,1468764,2054267,1971378,1.046,0.956,21553118,15821225,10573154,0.197,0.118,17327169,168995475,118996398,0.988,0.477,208265720,186870967,131540930,0.897,0.632,
9 February 2022,1468764,2054267,1971378,1.046,0.956,21553118,15843470,10621330,0.197,0.118,17327169,169264464,119798237,0.988,0.477,208265720,187162201,132390945,0.899,0.636,
10 February 2022,1468764,2054267,1971378,1.046,0.956,21553118,15870484,10670910,0.197,0.118,17327169,169568845,120591321,0.988,0.477,208265720,187493596,133233609,0.900,0.640,
11 February 2022,1468764,2054267,1971378,1.046,0.956,21553118,15896217,10728883,0.197,0.118,17327169,169861095,121328066,0.988,0.477,208265720,187811579,134028327,0.902,0.644,
12 February 2022,1468764,2054267,1971378,1.046,0.956,21553118,15913166,10786850,0.197,0.118,17327169,169967902,121983861,0.988,0.477,208265720,187935335,134742089,0.902,0.647,
13 February 2022,1468764,2054267,1971378,1.046,0.956,21553118,15929675,10846677,0.197,0.118,17327169,170189632,122730136,0.988,0.477,208265720,188173574,135548191,0.904,0.651,
14 February 2022,1468764,2054267,1971378,1.046,0.956,21553118,15925994,10857658,0.197,0.118,17327169,170311843,122949030,0.988,0.477,208265720,188292104,135778066,0.904,0.652,
15 February 2022,1468764,2054267,1971378,1.046,0.956,21553118,15935686,10890009,0.197,0.118,17327169,170509089,123521501,0.988,0.477,208265720,188499042,136382888,0.905,0.655,
16 February 2022,1468764,2054267,1971378,1.046,0.956,21553118,15951010,10945800,0.197,0.118,17327169,170727711,124241827,0.988,0.477,208265720,188732988,137159005,0.906,0.659,
17 February 2022,1468764,2054267,1971378,1.046,0.956,21553118,15967844,11012726,0.197,0.118,17327169,170948517,125031934,0.988,0.477,208265720,188970628,138016038,0.907,0.663,
18 February 2022,1468764,2054267,1971378,1.046,0.956,21553118,15989045,11077023,0.197,0.118,17327169,171167365,125797075,0.988,0.477,208265720,189210677,138845476,0.909,0.667,
19 February 2022,1468764,2054267,1971378,1.046,0.956,21553118,16012984,11147443,0.197,0.118,17327169,171347654,126492424,0.988,0.477,208265720,189414905,139611245,0.909,0.670,
20 February 2022,1468764,2054267,1971378,1.046,0.956,21553118,16032291,11202762,0.197,0.118,17327169,171503776,127005032,0.988,0.477,208265720,189590334,140179172,0.910,0.673,
21 February 2022,1468764,2054267,1971378,1.046,0.956,21553118,16038327,11217586,0.197,0.118,17327169,171565757,127122113,0.988,0.477,208265720,189658351,140311077,0.911,0.674,
22 February 2022,1468764,2054267,1971378,1.046,0.956,21553118,16052458,11260165,0.197,0.118,17327169,171708601,127634669,0.988,0.477,208265720,189815326,140866212,0.911,0.676,
23 February 2022,1468764,2054267,1971378,1.046,0.956,21553118,16065129,11298388,0.197,0.118,17327169,171855732,128098577,0.988,0.477,208265720,189975128,141368343,0.912,0.679,
24 February 2022,1468764,2054267,1971378,1.046,0.956,21553118,16098000,11394141,0.197,0.118,17327169,172075856,128904635,0.988,0.477,208265720,190228123,142270154,0.913,0.683,
25 February 2022,1468764,2054267,1971378,1.046,0.956,21553118,16129874,11474894,0.197,0.118,17327169,172267075,129586251,0.988,0.477,208265720,190451216,143032523,0.914,0.687,
26 February 2022,1468764,2054267,1971378,1.046,0.956,21553118,16150947,11527360,0.197,0.118,17327169,172390839,130029175,0.988,0.477,208265720,190596053,143527913,0.915,0.689,
27 February 2022,1468764,2054267,1971378,1.046,0.956,21553118,16162459,11557792,0.197,0.118,17327169,172455831,130249453,0.988,0.477,208265720,190672557,143778623,0.916,0.690,
28 February 2022,1468764,2054267,1971378,1.046,0.956,21553118,16162459,11557792,0.197,0.118,17327169,172455831,130249453,0.988,0.477,208265720,190672557,143778623,0.916,0.690,
1 March 2022,1468764,2054267,1971378,1.046,0.956,21553118,16191283,11626301,0.197,0.118,17327169,172724049,130861077,0.988,0.477,208265720,190969599,144458756,0.917,0.694,
2 March 2022,1468764,2054267,1971378,1.046,0.956,21553118,16213453,11647703,0.197,0.118,17327169,172709152,130886860,0.988,0.477,208265720,190976872,144505941,0.917,0.694,
3 March 2022,1468764,2054267,1971378,1.046,0.956,21553118,16215295,11653275,0.197,0.118,17327169,172710114,130941222,0.988,0.477,208265720,190979676,144565875,0.917,0.694,
4 March 2022,1468764,2054267,1971378,1.046,0.956,21553118,16316272,11872306,0.197,0.118,17327169,172765814,132461594,0.988,0.477,208265720,191136353,146305278,0.918,0.702,
5 March 2022,1468764,2054267,1971378,1.046,0.956,21553118,16339184,11901591,0.197,0.118,17327169,173238747,132704235,0.988,0.477,208265720,191632198,146577204,0.920,0.704,
6 March 2022,1468764,2054267,1971378,1.046,0.956,21553118,16387508,12046742,0.197,0.118,17327169,173490318,133722899,0.988,0.477,208265720,191932093,147741019,0.922,0.709,
7 March 2022,1468764,2054267,1971378,1.046,0.956,21553118,16408991,12094401,0.197,0.118,17327169,173562323,133873820,0.988,0.477,208265720,192025581,147939599,0.922,0.710,
8 March 2022,1468764,2054267,1971378,1.046,0.956,21553118,16445757,12170038,0.197,0.118,17327169,173763680,134446302,0.988,0.477,208265720,192263704,148587718,0.923,0.713,
9 March 2022,1468764,2054267,1971378,1.046,0.956,21553118,16475172,12202160,0.197,0.118,17327169,173883209,134816384,0.988,0.477,208265720,192412648,148989922,0.924,0.715,
10 March 2022,1468764,2054267,1971378,1.046,0.956,21553118,16481142,12210007,0.197,0.118,17327169,173901250,134941494,0.988,0.477,208265720,192436659,149122879,0.924,0.716,
11 March 2022,1468764,2054267,1971378,1.046,0.956,21553118,16545574,12294485,0.197,0.118,17327169,174291595,135803360,0.988,0.477,208265720,192891436,150069223,0.926,0.721,
12 March 2022,1468764,2054267,1971378,1.046,0.956,21553118,16562611,12322325,0.197,0.118,17327169,174501280,136187546,0.988,0.477,208265720,193118158,150481249,0.927,0.723,
13 March 2022,1468764,2054267,1971378,1.046,0.956,21553118,16600182,12359865,0.197,0.118,17327169,174659027,136662707,0.988,0.477,208265720,193313476,150993950,0.928,0.725,
14 March 2022,1468764,2054267,1971378,1.046,0.956,21553118,16606806,12393862,0.197,0.118,17327169,174765942,137047374,0.988,0.477,208265720,193427015,151412614,0.929,0.727,
15 March 2022,1468764,2054267,1971378,1.046,0.956,21553118,16627502,12411293,0.197,0.118,17327169,174909524,137311091,0.988,0.477,208265720,193591293,151693762,0.930,0.728,
16 March 2022,1468764,2054267,1971378,1.046,0.956,21553118,16657724,12437454,0.197,0.118,17327169,175046116,137634999,0.988,0.477,208265720,193758107,152043831,0.930,0.730,
17 March 2022,1468764,2054267,1971378,1.046,0.956,21553118,16721011,12497001,0.197,0.118,17327169,175360850,138261209,0.988,0.477,208265720,194136128,152729588,0.932,0.733,
18 March 2022,1468764,2054267,1971378,1.046,0.956,21553118,16728793,12508565,0.197,0.118,17327169,175421603,138401973,0.988,0.477,208265720,194204663,152881916,0.932,0.734,
19 March 2022,1468764,2054267,1971378,1.046,0.956,21553118,16763059,12603618,0.197,0.118,17327169,175742286,139074402,0.988,0.477,208265720,194559612,153649398,0.934,0.738,
20 March 2022,1468764,2054267,1971378,1.046,0.956,21553118,16772499,12619127,0.197,0.118,17327169,175827748,139242044,0.988,0.477,208265720,194654514,153832549,0.935,0.739,
21 March 2022,1468764,2054267,1971378,1.046,0.956,21553118,16793497,12714471,0.197,0.118,17327169,175937729,139684231,0.988,0.477,208265720,194785493,154370080,0.935,0.741,
22 March 2022,1468764,2054267,1971378,1.046,0.956,21553118,16795727,12718324,0.197,0.118,17327169,175959667,139734020,0.988,0.477,208265720,194809661,154423722,0.935,0.741,
23 March 2022,1468764,2054267,1971378,1.046,0.956,21553118,16865313,12846820,0.197,0.118,17327169,176069206,140702609,0.988,0.477,208265720,194988786,155520807,0.936,0.747,
24 March 2022,1468764,2054267,1971378,1.046,0.956,21553118,16915855,12922370,0.197,0.118,17327169,176346610,141355096,0.988,0.477,208265720,195316732,156248844,0.938,0.750,
25 March 2022,1468764,2054267,1971378,1.046,0.956,21553118,16936557,12954661,0.197,0.118,17327169,176542513,141710296,0.988,0.477,208265720,195533337,156636335,0.939,0.752,
26 March 2022,1468764,2054267,1971378,1.046,0.956,21553118,16943556,12964560,0.197,0.118,17327169,176581099,141810674,0.988,0.477,208265720,195578922,156746612,0.939,0.753,
27 March 2022,1468764,2054267,1971378,1.046,0.956,21553118,16999042,13066865,0.197,0.118,17327169,176740051,142661038,0.988,0.477,208265720,195793360,157699281,0.940,0.757,
28 March 2022,1468764,2054267,1971378,1.046,0.956,21553118,17021810,13096789,0.197,0.118,17327169,176881962,142906340,0.988,0.477,208265720,195958039,157974507,0.941,0.759,
29 March 2022,1468764,2054267,1971378,1.046,0.956,21553118,17026899,13105120,0.197,0.118,17327169,176911160,142985519,0.988,0.477,208265720,195992326,158062017,0.941,0.759,
30 March 2022,1468764,2054267,1971378,1.046,0.956,21553118,17079414,13183412,0.197,0.118,17327169,177107190,143675676,0.988,0.477,208265720,196240871,158830466,0.942,0.763,
31 March 2022,1468764,2054267,1971378,1.046,0.956,21553118,17101685,13212338,0.197,0.118,17327169,177286145,143995285,0.988,0.477,208265720,196442097,159179001,0.943,0.764,
1 April 2022,1468764,2054267,1971378,1.046,0.956,21553118,17116434,13261708,0.197,0.118,17327169,177548399,144453406,0.988,0.477,208265720,196719100,159686492,0.945,0.767,
2 April 2022,1468764,2054267,1971378,1.046,0.956,21553118,17123665,13273099,0.197,0.118,17327169,177599250,144550385,0.988,0.477,208265720,196777182,159794862,0.945,0.767,
3 April 2022,1468764,2054267,1971378,1.046,0.956,21553118,17138960,13287273,0.197,0.118,17327169,177668287,144706106,0.988,0.477,208265720,196861514,159964757,0.945,0.768,
4 April 2022,1468764,2054267,1971378,1.046,0.956,21553118,17145070,13293511,0.197,0.118,17327169,177672875,144723445,0.988,0.477,208265720,196872212,159988334,0.945,0.768,
5 April 2022,1468764,2054267,1971378,1.046,0.956,21553118,17145070,13294721,0.197,0.118,17327169,177680818,144841113,0.988,0.477,208265720,196880155,160107212,0.945,0.769,
6 April 2022,1468764,2054267,1971378,1.046,0.956,21553118,17155599,13317803,0.197,0.118,17327169,177703391,144893348,0.988,0.477,208265720,196913257,160182529,0.945,0.769,
7 April 2022,1468764,2054267,1971378,1.046,0.956,21553118,17211691,13394445,0.197,0.118,17327169,177887183,145449018,0.988,0.477,208265720,197153141,160814841,0.947,0.772,
8 April 2022,1468764,2054267,1971378,1.046,0.956,21553118,17219096,13437938,0.197,0.118,17327169,178040200,145709791,0.988,0.477,208265720,197313563,161119107,0.947,0.774,
9 April 2022,1468764,2054267,1971378,1.046,0.956,21553118,17219096,13454586,0.197,0.118,17327169,178131029,145907074,0.988,0.477,208265720,197404392,161333038,0.948,0.775,
10 April 2022,1468764,2054267,1971378,1.046,0.956,21553118,17221292,13462646,0.197,0.118,17327169,178155016,145956725,0.988,0.477,208265720,197430575,161390749,0.948,0.775,
11 April 2022,1468764,2054267,1971378,1.046,0.956,21553118,17242991,13462646,0.197,0.118,17327169,178208345,146022568,0.988,0.477,208265720,197505603,161456592,0.948,0.775,
12 April 2022,1468764,2054267,1971378,1.046,0.956,21553118,17249170,13469679,0.197,0.118,17327169,178296435,146204781,0.988,0.477,208265720,197599872,161645838,0.949,0.776,
13 April 2022,1468764,2054267,1971378,1.046,0.956,21553118,17258413,13492800,0.197,0.118,17327169,178351868,146305605,0.988,0.477,208265720,197664548,161769783,0.949,0.777,
14 April 2022,1468764,2054267,1971378,1.046,0.956,21553118,17273456,13528358,0.197,0.118,17327169,178441414,146540265,0.988,0.477,208265720,197769137,162040001,0.950,0.778,
15 April 2022,1468764,2054267,1971378,1.046,0.956,21553118,17284482,13550050,0.197,0.118,17327169,178610953,146747835,0.988,0.477,208265720,197949702,162269263,0.950,0.779,
16 April 2022,1468764,2054267,1971378,1.046,0.956,21553118,17284482,13583421,0.197,0.118,17327169,178761260,147005832,0.988,0.477,208265720,198100009,162560631,0.951,0.781,
17 April 2022,1468764,2054267,1971378,1.046,0.956,21553118,17284482,13602530,0.197,0.118,17327169,178853089,147176149,0.988,0.477,208265720,198191838,162750057,0.952,0.781,
18 April 2022,1468764,2054267,1971378,1.046,0.956,21553118,17284482,13614384,0.197,0.118,17327169,178909317,147293333,0.988,0.477,208265720,198248066,162879095,0.952,0.782,
19 April 2022,1468764,2054267,1971378,1.046,0.956,21553118,17284482,13622875,0.197,0.118,17327169,178949286,147357380,0.988,0.477,208265720,198288035,162951633,0.952,0.782,
20 April 2022,1468764,2054267,1971378,1.046,0.956,21553118,17284482,13634215,0.197,0.118,17327169,179050718,147475887,0.988,0.477,208265720,198389467,163081480,0.953,0.783,
21 April 2022,1468764,2054267,1971378,1.046,0.956,21553118,17284482,13655418,0.197,0.118,17327169,179190595,147609383,0.988,0.477,208265720,198529344,163236179,0.953,0.784,
22 April 2022,1468764,2054267,1971378,1.046,0.956,21553118,17464197,13764716,0.197,0.118,17327169,179136272,147691101,0.988,0.477,208265720,198654736,163427195,0.954,0.785,
23 April 2022,1468764,2054267,1971378,1.046,0.956,21553118,17494487,13812859,0.197,0.118,17327169,179215391,147949234,0.988,0.477,208265720,198764145,163733471,0.954,0.786,
24 April 2022,1468764,2054267,1971378,1.046,0.956,21553118,17501380,13841835,0.197,0.118,17327169,179296589,148084743,0.988,0.477,208265720,198852236,163897956,0.955,0.787,
25 April 2022,1468764,2054267,1971378,1.046,0.956,21553118,17502387,13851366,0.197,0.118,17327169,179351331,148136872,0.988,0.477,208265720,198907985,163959616,0.955,0.787,
26 April 2022,1468764,2054267,1971378,1.046,0.956,21553118,17508423,13858871,0.197,0.118,17327169,179413654,148233414,0.988,0.477,208265720,198976344,164063663,0.955,0.788,
27 April 2022,1468764,2054267,1971378,1.046,0.956,21553118,17521556,13886981,0.197,0.118,17327169,179491689,148368047,0.988,0.477,208265720,199067512,164226406,0.956,0.789,
28 April 2022,1468764,2054267,1971572,1.046,0.956,21553118,17534890,13905505,0.197,0.118,17327169,179554912,148498904,0.988,0.477,208265720,199144069,164375981,0.956,0.789,
29 April 2022,1468764,2054267,1971756,1.046,0.956,21553118,17562099,13946325,0.197,0.118,17327169,179617691,148795331,0.988,0.477,208265720,199234057,164713412,0.957,0.791,
30 April 2022,1468764,2054267,1973115,1.046,0.956,21553118,17617531,14007496,0.197,0.118,17327169,179641433,149091623,0.988,0.477,208265720,199313231,165072234,0.957,0.793,
1 May 2022,1468764,2054267,1973115,1.046,0.956,21553118,17649195,14039375,0.197,0.118,17327169,179612105,149217570,0.988,0.477,208265720,199315567,165230060,0.957,0.793,
2 May 2022,1468764,2054267,1973115,1.046,0.956,21553118,17649349,14039588,0.197,0.118,17327169,179613767,149219636,0.988,0.477,208265720,199317383,165232339,0.957,0.793,
3 May 2022,1468764,2054267,1973118,1.046,0.956,21553118,17653156,14055518,0.197,0.118,17327169,179553842,149349125,0.988,0.477,208265720,199261265,165377761,0.957,0.794,
4 May 2022,1468764,2054267,1973204,1.046,0.956,21553118,17653185,14059145,0.197,0.118,17327169,179553813,149393907,0.988,0.477,208265720,199261265,165426256,0.957,0.794,
5 May 2022,1468764,2054267,1973279,1.046,0.956,21553118,17673793,14094460,0.197,0.118,17327169,179547271,149533194,0.988,0.477,208265720,199275331,165600933,0.957,0.795,
6 May 2022,1468764,2054267,1973279,1.046,0.956,21553118,17673907,14095082,0.197,0.118,17327169,179550563,149535228,0.988,0.477,208265720,199278737,165603589,0.957,0.795,
7 May 2022,1468764,2054267,1973279,1.046,0.956,21553118,17676258,14096519,0.197,0.118,17327169,179562119,149546350,0.988,0.477,208265720,199292644,165616148,0.957,0.795,
8 May 2022,1468764,2054267,1973279,1.046,0.956,21553118,17679082,14102813,0.197,0.118,17327169,179574896,149556076,0.988,0.477,208265720,199308245,165632168,0.957,0.795,
9 May 2022,1468764,2054267,1973279,1.046,0.956,21553118,17679082,14102970,0.197,0.118,17327169,179585591,149566566,0.988,0.477,208265720,199318940,165642815,0.957,0.795,
10 May 2022,1468764,2054267,1973279,1.046,0.956,21553118,17679082,14105158,0.197,0.118,17327169,179609463,149581894,0.988,0.477,208265720,199342812,165660331,0.957,0.795,
11 May 2022,1468764,2054267,1973279,1.046,0.956,21553118,17679082,14110166,0.197,0.118,17327169,179636826,149635862,0.988,0.477,208265720,199370175,165719307,0.957,0.796,
12 May 2022,1468764,2054267,1973279,1.046,0.956,21553118,17699764,14148059,0.197,0.118,17327169,179696636,149847797,0.988,0.477,208265720,199450667,165969135,0.958,0.797,
13 May 2022,1468764,2054267,1973279,1.046,0.956,21553118,17700618,14151237,0.197,0.118,17327169,179717906,149870777,0.988,0.477,208265720,199472791,165995293,0.958,0.797,
14 May 2022,1468764,2054267,1973284,1.046,0.956,21553118,17712039,14161331,0.197,0.118,17327169,179752228,149950166,0.988,0.477,208265720,199518534,166084781,0.958,0.797,
15 May 2022,1468764,2054267,1974818,1.046,0.956,21553118,17716879,14173582,0.197,0.118,17327169,179803659,150036925,0.988,0.477,208265720,199574805,166185325,0.958,0.798,
16 May 2022,1468764,2054267,1975019,1.046,0.956,21553118,17724603,14184799,0.197,0.118,17327169,179828104,150094573,0.988,0.477,208265720,199606974,166254391,0.958,0.798,
17 May 2022,1468764,2054267,1975019,1.046,0.956,21553118,17725889,14188999,0.197,0.118,17327169,179864315,150126740,0.988,0.477,208265720,199644471,166290758,0.959,0.798,
18 May 2022,1468764,2054267,1975022,1.046,0.956,21553118,17727117,14192118,0.197,0.118,17327169,179887087,150150327,0.988,0.477,208265720,199668471,166317467,0.959,0.799,
19 May 2022,1468764,2054267,1975332,1.046,0.956,21553118,17739117,14212853,0.197,0.118,17327169,179948418,150304089,0.988,0.477,208265720,199741802,166492274,0.959,0.799,
20 May 2022,1468764,2054267,1975596,1.046,0.956,21553118,17739117,14232384,0.197,0.118,17327169,180005327,150424722,0.988,0.477,208265720,199798711,166632702,0.959,0.800,
21 May 2022,1468764,2054267,1975656,1.046,0.956,21553118,17741437,14237997,0.197,0.118,17327169,180024638,150462893,0.988,0.477,208265720,199820342,166676546,0.959,0.800,
22 May 2022,1468764,2054267,1975894,1.046,0.956,21553118,17748834,14259858,0.197,0.118,17327169,180059615,150559123,0.988,0.477,208265720,199862716,166794875,0.960,0.801,
23 May 2022,1468764,2054267,1976221,1.046,0.956,21553118,17752514,14267429,0.197,0.118,17327169,180081028,150602862,0.988,0.477,208265720,199887809,166846512,0.960,0.801,
24 May 2022,1468764,2054267,1976420,1.046,0.956,21553118,17761221,14291537,0.197,0.118,17327169,180139582,150703916,0.988,0.477,208265720,199955070,166971873,0.960,0.802,
25 May 2022,1468764,2054267,1976894,1.046,0.956,21553118,17766042,14306466,0.197,0.118,17327169,180195436,150785020,0.988,0.477,208265720,200015745,167068380,0.960,0.802,
26 May 2022,1468764,2054267,1976894,1.046,0.956,21553118,17770515,14312534,0.197,0.118,17327169,180221271,150820713,0.988,0.477,208265720,200046053,167110141,0.961,0.802,
27 May 2022,1468764,2054267,1976894,1.046,0.956,21553118,17782040,14323841,0.197,0.118,17327169,180276555,150897402,0.988,0.477,208265720,200112862,167198137,0.961,0.803,
28 May 2022,1468764,2054267,1976920,1.046,0.956,21553118,17783623,14332358,0.197,0.118,17327169,180325636,150955111,0.988,0.477,208265720,200163526,167264389,0.961,0.803,
29 May 2022,1468764,2054267,1977030,1.046,0.956,21553118,17791184,14333642,0.197,0.118,17327169,180352737,151014458,0.988,0.477,208265720,200198188,167325130,0.961,0.803,
30 May 2022,1468764,2054267,1977034,1.046,0.956,21553118,17792141,14334373,0.197,0.118,17327169,180355774,151018725,0.988,0.477,208265720,200202182,167330132,0.961,0.803,
31 May 2022,1468764,2054267,1977160,1.046,0.956,21553118,17805280,14348415,0.197,0.118,17327169,180407861,151095235,0.988,0.477,208265720,200267408,167420810,0.962,0.804,
1 June 2022,1468764,2054267,1977184,1.046,0.956,21553118,17807928,14350720,0.197,0.118,17327169,180417571,151108614,0.988,0.477,208265720,200279766,167436518,0.962,0.804,
2 June 2022,1468764,2054267,1977326,1.046,0.956,21553118,17812957,14360025,0.197,0.118,17327169,180460601,151169894,0.988,0.477,208265720,200327825,167507245,0.962,0.804,
3 June 2022,1468764,2054267,1977434,1.046,0.956,21553118,17818684,14369681,0.197,0.118,17327169,180498166,151218538,0.988,0.477,208265720,200371117,167565653,0.962,0.805,
4 June 2022,1468764,2054267,1977547,1.046,0.956,21553118,17824778,14370215,0.197,0.118,17327169,180532644,151266214,0.988,0.477,208265720,200411689,167613976,0.962,0.805,
5 June 2022,1468764,2054267,1977703,1.046,0.956,21553118,17831681,14385741,0.197,0.118,17327169,180586577,151335584,0.988,0.477,208265720,200472525,167699028,0.963,0.805,
6 June 2022,1468764,2054267,1977703,1.046,0.956,21553118,17831921,14386030,0.197,0.118,17327169,180589084,151336673,0.988,0.477,208265720,200475272,167700406,0.963,0.805,
7 June 2022,1468764,2054267,1977806,1.046,0.956,21553118,17838513,14392610,0.197,0.118,17327169,180619735,151383393,0.988,0.477,208265720,200512515,167753809,0.963,0.805,
8 June 2022,1468764,2054267,1977999,1.046,0.956,21553118,17862936,14406882,0.197,0.118,17327169,180764700,151474677,0.988,0.477,208265720,200681903,167859558,0.964,0.806,
9 June 2022,1468764,2054267,1978108,1.046,0.956,21553118,17870197,14415252,0.197,0.118,17327169,180807656,151528837,0.988,0.477,208265720,200732120,167922197,0.964,0.806,
10 June 2022,1468764,2054267,1978137,1.046,0.956,21553118,17873634,14419229,0.197,0.118,17327169,180826817,151551304,0.988,0.477,208265720,200754718,167948670,0.964,0.806,
11 June 2022,1468764,2054267,1978259,1.046,0.956,21553118,17879600,14425248,0.197,0.118,17327169,180864992,151601283,0.988,0.477,208265720,200798859,168004790,0.964,0.807,
12 June 2022,1468764,2054267,1978358,1.046,0.956,21553118,17889724,14435339,0.197,0.118,17327169,180901775,151654919,0.988,0.477,208265720,200845766,168068616,0.964,0.807,
13 June 2022,1468764,2054267,1978386,1.046,0.956,21553118,17892497,14438435,0.197,0.118,17327169,180919964,151679605,0.988,0.477,208265720,200866728,168096426,0.964,0.807,
14 June 2022,1468764,2054267,1978412,1.046,0.956,21553118,17894718,14440998,0.197,0.118,17327169,180933077,151691821,0.988,0.477,208265720,200882062,168111231,0.965,0.807,
15 June 2022,1468764,2054267,1978573,1.046,0.956,21553118,17895810,14449558,0.197,0.118,17327169,180991563,151755811,0.988,0.477,208265720,200941640,168183942,0.965,0.808,
16 June 2022,1468764,2054267,1978723,1.046,0.956,21553118,17906473,14468872,0.197,0.118,17327169,181039820,151804200,0.988,0.477,208265720,201000560,168251795,0.965,0.808,
17 June 2022,1468764,2054267,1978939,1.046,0.956,21553118,17917932,14480856,0.197,0.118,17327169,181123513,151918731,0.988,0.477,208265720,201095712,168378526,0.966,0.808,
18 June 2022,1468764,2054267,1979047,1.046,0.956,21553118,17926154,14480555,0.197,0.118,17327169,181150683,151969468,0.988,0.477,208265720,201131104,168429070,0.966,0.809,
19 June 2022,1468764,2054267,1979079,1.046,0.956,21553118,17928235,14482859,0.197,0.118,17327169,181162991,151985800,0.988,0.477,208265720,201145493,168447738,0.966,0.809,
20 June 2022,1468764,2054267,1979194,1.046,0.956,21553118,17934043,14494016,0.197,0.118,17327169,181188928,152030202,0.988,0.477,208265720,201177238,168503412,0.966,0.809,
21 June 2022,1468764,2054267,1979204,1.046,0.956,21553118,17934759,14495134,0.197,0.118,17327169,181198469,152037222,0.988,0.477,208265720,201187495,168511560,0.966,0.809,
22 June 2022,1468764,2054267,1979371,1.046,0.956,21553118,17947835,14504254,0.197,0.118,17327169,181240589,152106420,0.988,0.477,208265720,201242691,168590045,0.966,0.809,
23 June 2022,1468764,2054267,1979390,1.046,0.956,21553118,17949042,14506407,0.197,0.118,17327169,181255819,152118429,0.988,0.477,208265720,201259128,168604226,0.966,0.810,
24 June 2022,1468764,2054267,1979498,1.046,0.956,21553118,17954453,14512709,0.197,0.118,17327169,181288026,152168767,0.988,0.477,208265720,201296746,168660974,0.967,0.810,
25 June 2022,1468764,2054267,1979659,1.046,0.956,21553118,17959834,14523885,0.197,0.118,17327169,181313551,152229028,0.988,0.477,208265720,201327652,168732572,0.967,0.810,
26 June 2022,1468764,2054267,1979860,1.046,0.956,21553118,17964405,14529454,0.197,0.118,17327169,181333021,152275838,0.988,0.477,208265720,201351693,168785152,0.967,0.810,
27 June 2022,1468764,2054267,1979940,1.046,0.956,21553118,17967790,14533274,0.197,0.118,17327169,181346440,152312782,0.988,0.477,208265720,201368497,168825996,0.967,0.811,
28 June 2022,1468764,2054267,1980012,1.046,0.956,21553118,17969037,14537675,0.197,0.118,17327169,181371267,152352740,0.988,0.477,208265720,201394571,168870427,0.967,0.811,
29 June 2022,1468764,2054267,1980193,1.046,0.956,21553118,17978042,14552074,0.197,0.118,17327169,181421863,152432599,0.988,0.477,208265720,201454172,168964866,0.967,0.811,
30 June 2022,1468764,2054267,1980224,1.046,0.956,21553118,17979750,14554522,0.197,0.118,17327169,181438839,152446150,0.988,0.477,208265720,201472856,168980896,0.967,0.811,
1 July 2022,1468764,2054267,1980448,1.046,0.956,21553118,17988102,14564947,0.197,0.118,17327169,181492426,152526470,0.988,0.477,208265720,201534795,169071865,0.968,0.812,
